nome         ,cognome      ,data_nascita ,età ,città_residenza ,codice_fiscale   ,decade
Elmo         ,Pulci        ,20/05/2008   , 15 ,Milano          ,431GTP9GGXFDS3V2 ,  2000
Fernanda     ,Zaccagnini   ,29/09/1999   , 24 ,Milano          ,KP0Z9TT0G3352FX8 ,  1990
Sophia       ,Lombardo     ,10/01/1966   , 57 ,Milano          ,M9UOW3IAT8YWWR1I ,  1960
Bruno        ,Crispi       ,15/11/1949   , 74 ,Milano          ,J98CQ1QS4Z9F88W8 ,  1940
Lodovico     ,Valguarnera  ,03/02/1975   , 48 ,Milano          ,62VDBAJ2N2WO6BQ4 ,  1970
Adelasia     ,Barbarigo    ,18/06/1964   , 59 ,Milano          ,ZLARSBUMAGDTB859 ,  1960
Bianca       ,Giannotti    ,29/04/2002   , 21 ,Milano          ,702JYVOLCEERX2B4 ,  2000
Lando        ,Serlupi      ,23/04/1954   , 69 ,Milano          ,OTQYIPCOVFGSGGYZ ,  1950
Franco       ,Toso         ,17/08/1971   , 52 ,Milano          ,7TBVXB24CXQIQFMX ,  1970
Renzo        ,Benigni      ,19/04/1982   , 41 ,Milano          ,UT4M4CPMQ5S06ELA ,  1980
Gelsomina    ,Chiaramonte  ,30/09/2014   ,  9 ,Milano          ,A6GOCLOB2ZM5CBM7 ,  2010
Teresa       ,Papafava     ,07/06/1974   , 49 ,Milano          ,YU3OB3GNMEMGWXAQ ,  1970
Lolita       ,Berrè        ,29/02/1952   , 71 ,Milano          ,6RCB635JXD4M9QB7 ,  1950
Paride       ,Bombieri     ,12/07/1999   , 24 ,Milano          ,KBNFTFG8XI6W9R6Y ,  1990
Filippa      ,Longhena     ,17/10/1985   , 38 ,Milano          ,GHEGFWMWDOAYAKUZ ,  1980
Etta         ,Soderini     ,12/01/1949   , 74 ,Milano          ,VNAUCPURJALXIGDN ,  1940
Valeria      ,Modiano      ,29/11/2014   ,  9 ,Milano          ,COX9PPQIOXOU506N ,  2010
Laureano     ,Fabrizi      ,18/03/2022   ,  1 ,Milano          ,PMGBIUZCWBSAKWKY ,  2020
Nicolò       ,Pacillo      ,18/12/2004   , 18 ,Milano          ,VFMOV0KS8MW2W2H9 ,  2000
Serena       ,Castioni     ,25/02/2014   ,  9 ,Milano          ,VKWKPYJ1MEWFPOCZ ,  2010
Mauro        ,Dibiasi      ,29/12/1954   , 68 ,Milano          ,3TTGHIS4M61ZME95 ,  1950
Baldassare   ,Mazzeo       ,06/12/1996   , 27 ,Milano          ,67MSLZ701K60M9S9 ,  1990
Nanni        ,Natta        ,27/10/2013   , 10 ,Milano          ,4YFAVZ8SZXHX0EYW ,  2010
Angelica     ,Pezzali      ,08/05/1992   , 31 ,Milano          ,3A74RDQVJR28U4C5 ,  1990
Leone        ,Bruno        ,08/03/1971   , 52 ,Milano          ,G456SVHZOAEN6U78 ,  1970
Pierina      ,Errani       ,23/01/1934   , 89 ,Milano          ,PINLMCVMQMEOEWVD ,  1930
Giada        ,Rossetti     ,22/05/1967   , 56 ,Milano          ,BKYOGFCDVDWVDOAW ,  1960
Ruggero      ,Gabba        ,17/01/1985   , 38 ,Milano          ,2RY8U6MDAI5LIR9S ,  1980
Aldo         ,Carullo      ,28/03/2015   ,  8 ,Milano          ,CUINN2I81R6MNE3O ,  2010
Raimondo     ,Sorrentino   ,04/08/2020   ,  3 ,Milano          ,QXN7PMO206RKQMIG ,  2020
Federica     ,Martinelli   ,01/09/1971   , 52 ,Milano          ,RDNNS00UWYSRLYDL ,  1970
Elena        ,Calarco      ,21/06/2010   , 13 ,Milano          ,I90UBDHLE3NIBNAE ,  2010
Greco        ,Pergolesi    ,11/01/1950   , 73 ,Milano          ,8H1HA75CGI8N4PN2 ,  1950
Annibale     ,Parini       ,12/06/2004   , 19 ,Milano          ,JUZ4YXVD9ZJYWXNU ,  2000
Daniele      ,Tacchini     ,31/10/1978   , 45 ,Milano          ,HSED7E7QQMONUM4I ,  1970
Simone       ,Piacentini   ,27/05/1925   , 98 ,Milano          ,R8A1AO2QPJRIKXV8 ,  1920
Geronimo     ,Cafarchia    ,03/12/1995   , 28 ,Milano          ,SDKSY9FB632QYOGO ,  1990
Donna        ,Quasimodo    ,08/11/1963   , 60 ,Milano          ,396YS1G8ZVPWW7UH ,  1960
Ludovico     ,Pisaroni     ,05/06/2006   , 17 ,Milano          ,I75UHBEPYIY62PX0 ,  2000
Pasqual      ,Poerio       ,08/10/1990   , 33 ,Milano          ,MYFUMPPX5QF229OQ ,  1990
Puccio       ,Scarpetta    ,11/02/1924   , 99 ,Milano          ,7ZAH5V6OHA0EXRNT ,  1920
Daria        ,Balotelli    ,28/04/1973   , 50 ,Milano          ,ZMAKTITTGZAWNDGP ,  1970
Durante      ,Santi        ,13/09/2010   , 13 ,Milano          ,5HNSM4JDFWUC0RL1 ,  2010
Lina         ,Zarlino      ,16/05/1948   , 75 ,Milano          ,LRZTXDLAHJIJUEVO ,  1940
Claudia      ,Spadafora    ,30/06/1956   , 67 ,Milano          ,TFRA6LM0WP3CUS6V ,  1950
Mariana      ,Tartaglia    ,27/12/2010   , 12 ,Milano          ,S3MUZ0Y9OV1MJ0M0 ,  2010
Alphons      ,Cicala       ,03/02/1943   , 80 ,Milano          ,H40JX2C4LZ9BWKEZ ,  1940
Mariano      ,Puccini      ,16/09/1980   , 43 ,Milano          ,SMQOTOC00GIPZB5W ,  1980
Girolamo     ,Randazzo     ,05/11/1947   , 76 ,Milano          ,6XLT0BZ5YFV3PUJL ,  1940
Dina         ,Traetta      ,08/09/2020   ,  3 ,Milano          ,RQENSI4NIL479A2S ,  2020
Eleanora     ,Antonelli    ,05/04/2004   , 19 ,Milano          ,IKOQ8CZ5MIHKFTJA ,  2000
Carolina     ,Padovano     ,06/10/1968   , 55 ,Milano          ,4P68IU6UGI0K631Z ,  1960
Marco        ,Vendetti     ,15/01/1932   , 91 ,Milano          ,5CGSHTREDA4C901Q ,  1930
Oreste       ,Cadorna      ,25/12/1955   , 67 ,Milano          ,OMO17FIHB5SCQQ32 ,  1950
Claudio      ,Caironi      ,04/10/1974   , 49 ,Milano          ,WSAFYN9SYER15HOR ,  1970
Nadia        ,Finzi        ,21/03/2017   ,  6 ,Milano          ,RK47MWNUZSY25GHS ,  2010
Leopoldo     ,Soranzo      ,24/11/1934   , 89 ,Milano          ,4S72S4RMPQXB19QC ,  1930
Marcantonio  ,Ricciardi    ,02/02/1979   , 44 ,Milano          ,DJ3A68GG9M4A0AV8 ,  1970
Bianca       ,Battisti     ,10/08/1994   , 29 ,Milano          ,L4ORNMU3Z2ATMH8H ,  1990
Elvira       ,Fiorucci     ,15/09/1978   , 45 ,Milano          ,GXWSV867B7BX8SPL ,  1970
Gianpaolo    ,Barberini    ,22/05/2005   , 18 ,Milano          ,8WZME0XJ0VL7C3FD ,  2000
Giampaolo    ,Agazzi       ,28/12/1977   , 45 ,Milano          ,ZVPF82Y42E251RYD ,  1970
Donatello    ,Baresi       ,25/04/2020   ,  3 ,Milano          ,J3WSTCBA2EEN06L4 ,  2020
Giacinto     ,Conte        ,11/04/1984   , 39 ,Milano          ,KPZBKXAPKOSKXYZB ,  1980
Dolores      ,Vigorelli    ,20/09/1982   , 41 ,Milano          ,6F8EH94UKJOAWB2C ,  1980
Raimondo     ,Pascarella   ,19/06/1968   , 55 ,Milano          ,HUVNYCITIDPBJGIM ,  1960
Franco       ,Cibin        ,03/08/1983   , 40 ,Milano          ,DLNORPCHX4SFCFNU ,  1980
Cassandra    ,Malacarne    ,18/06/1962   , 61 ,Milano          ,SUMX1O417QM2BN0M ,  1960
Carolina     ,Montalcini   ,11/07/1981   , 42 ,Milano          ,ICDPWTSEBM8GJR79 ,  1980
Ciro         ,Gibilisco    ,04/01/1953   , 70 ,Milano          ,QGRTXRWUEBTNZEKH ,  1950
Amedeo       ,Caetani      ,04/12/1942   , 81 ,Milano          ,R7Z0V0GPU0U6WSON ,  1940
Goffredo     ,Mattarella   ,29/08/1942   , 81 ,Milano          ,H9T668IMWLF2TTZE ,  1940
Orazio       ,Barcaccia    ,27/03/1985   , 38 ,Milano          ,RYVVZDRHOSMO1B9V ,  1980
Michela      ,Platini      ,14/08/1989   , 34 ,Milano          ,UCSYPLY86N6EC02W ,  1980
Giuseppe     ,Gozzi        ,15/08/1971   , 52 ,Milano          ,L75RHY103D05UL1V ,  1970
Clelia       ,Luzi         ,22/12/1932   , 90 ,Milano          ,OAUVSCPKDXYXNWFH ,  1930
Bernardo     ,Romagnoli    ,16/09/1999   , 24 ,Milano          ,VIEIRK1JC7X0G6AT ,  1990
Emilio       ,Aulenti      ,13/08/2011   , 12 ,Milano          ,E4J7Z5631AFHUAER ,  2010
Coluccio     ,Zaccardo     ,10/04/2016   ,  7 ,Milano          ,IFEIWGQTREJHOZFO ,  2010
Michelangelo ,Lucarelli    ,09/03/2008   , 15 ,Milano          ,JYXCWSXLKXNTEBLI ,  2000
Gloria       ,Cocci        ,03/10/2013   , 10 ,Milano          ,M61NEZTFBWSUOQOD ,  2010
Fedele       ,Casellati    ,30/03/2016   ,  7 ,Milano          ,EY1GHIVO6TSHD8DE ,  2010
Dario        ,Lombroso     ,08/01/1978   , 45 ,Milano          ,UXPOXJ3XVBM2HX0P ,  1970
Piersanti    ,Mazzeo       ,07/02/1963   , 60 ,Milano          ,HAIQV5KLZXZ6DERW ,  1960
Agnolo       ,Montalcini   ,24/06/1994   , 29 ,Milano          ,IE8IAKSW1FSL1M4G ,  1990
Ninetta      ,Ruggeri      ,18/07/1951   , 72 ,Milano          ,SP1NBPKXS4RFFUJH ,  1950
Maurilio     ,Malacarne    ,08/02/2005   , 18 ,Milano          ,F7T85KQDN8DIB5YV ,  2000
Gianna       ,Beccheria    ,21/11/2008   , 15 ,Milano          ,JVZ3FWYU1S9XWAFV ,  2000
Gianpietro   ,Guarana      ,10/06/2013   , 10 ,Milano          ,FWF24WCKJQ3U0ZF0 ,  2010
Gloria       ,Turchetta    ,09/12/1982   , 40 ,Milano          ,IQKAHGUPDWFIWTKN ,  1980
Nicolò       ,Guarneri     ,29/11/2018   ,  5 ,Milano          ,ZZX08KQWIX7LNQNX ,  2010
Elvira       ,Cundari      ,05/12/1981   , 42 ,Milano          ,UHQLPONEACKGMMND ,  1980
Raffaello    ,Trussardi    ,09/01/1969   , 54 ,Milano          ,9GAMZ5DBLW8L3EXI ,  1960
Mariano      ,Moccia       ,23/12/1989   , 33 ,Milano          ,7PYM5OV0UQD9SZXI ,  1980
Patrizio     ,Spinola      ,23/07/2023   ,  0 ,Milano          ,DC5VKSUYAFD2QHNY ,  2020
Lodovico     ,Castioni     ,19/08/2015   ,  8 ,Milano          ,T8ODD1LE36DW1I5Y ,  2010
Melania      ,Tomaselli    ,12/04/2003   , 20 ,Milano          ,FJ4GZUUAELWNJNQV ,  2000
Federico     ,Sauli        ,25/03/1932   , 91 ,Milano          ,NP4V9VKSR516ZJJF ,  1930
Raimondo     ,Morlacchi    ,27/03/1985   , 38 ,Milano          ,7LAR3ZYAD14G49VT ,  1980
Giorgio      ,Proietti     ,11/08/1972   , 51 ,Milano          ,KMYLAOBZRSSYKHCA ,  1970
Annamaria    ,Malpighi     ,21/12/1986   , 36 ,Milano          ,11AW462PZZCBMXNX ,  1980
Liliana      ,Belletini    ,13/06/2008   , 15 ,Milano          ,2K9TWWYFYP9Z005V ,  2000
Giancarlo    ,Visintini    ,14/04/1948   , 75 ,Milano          ,QNP7XGBPPCILNWF4 ,  1940
Elladio      ,Mazzi        ,05/02/1997   , 26 ,Milano          ,CD8BXGX08PPKP9BR ,  1990
Vincentio    ,Pareto       ,15/09/1935   , 88 ,Milano          ,DE4K3KB4LQCX4H8W ,  1930
Victoria     ,Spinola      ,11/01/1946   , 77 ,Milano          ,H6PB8NKCBB66QCF9 ,  1940
Guido        ,Mazzanti     ,28/05/2003   , 20 ,Milano          ,3CC2E48PEZQS6TEN ,  2000
Francesca    ,Palombi      ,25/03/1957   , 66 ,Milano          ,SCSB6I107TLZT7IY ,  1950
Achille      ,Interminelli ,14/07/2005   , 18 ,Milano          ,O2NKMNAF1YXEERRE ,  2000
Vincentio    ,Iacovelli    ,20/01/1934   , 89 ,Milano          ,46GX4L0D3FJGEYI3 ,  1930
Marina       ,Lerner       ,16/08/1938   , 85 ,Milano          ,920UBLO9PJ38B010 ,  1930
Serena       ,Tolentino    ,19/09/1993   , 30 ,Milano          ,AYI085ZJ84WGHUVO ,  1990
Francesco    ,Travia       ,08/07/1928   , 95 ,Milano          ,YJBVL7ITH9X27QTQ ,  1920
Rembrandt    ,Passalacqua  ,06/05/1981   , 42 ,Milano          ,M4N2ANR711W71W82 ,  1980
Saverio      ,Torricelli   ,09/12/2014   ,  8 ,Milano          ,WETKKELZVTQFBYXA ,  2010
Gianni       ,Nicolucci    ,20/05/1977   , 46 ,Milano          ,1DFGJ7PTPQJLJKVA ,  1970
Martino      ,Asprucci     ,05/01/1992   , 31 ,Milano          ,SSP1219OD3ZAR49M ,  1990
Salvi        ,Chindamo     ,01/09/1926   , 97 ,Milano          ,Q1ZRGVAMLCD3QE8L ,  1920
Luigina      ,Barracco     ,16/06/1987   , 36 ,Milano          ,ZF35RZ102MSOT7D7 ,  1980
Corrado      ,Metella      ,04/08/1984   , 39 ,Milano          ,F8HAQUBWUUCMEQNL ,  1980
Carmelo      ,Toso         ,22/07/1981   , 42 ,Milano          ,WDX0N2XROHPJRY6F ,  1980
Massimo      ,Visconti     ,03/02/1963   , 60 ,Milano          ,2WGCELK4MF0Z3RDV ,  1960
Cipriano     ,Pacomio      ,26/12/1960   , 62 ,Milano          ,LDLJMZEN2L56GXXG ,  1960
Alderano     ,Balla        ,25/12/2021   ,  1 ,Milano          ,RIZ77DNDQXZCEW5V ,  2020
Luciana      ,Tornatore    ,21/08/1927   , 96 ,Milano          ,CPFTHVXNSTQQKXEE ,  1920
Giosuè       ,Sinisi       ,28/02/1926   , 97 ,Milano          ,HS7M16XDS30QCMR8 ,  1920
Ilaria       ,Scaduto      ,14/01/2020   ,  3 ,Milano          ,XLCTDDGORWPQMNRH ,  2020
Cesare       ,Pucci        ,26/06/1942   , 81 ,Milano          ,WWGHT4LGBTTWTX6L ,  1940
Raffaele     ,Argenti      ,19/05/1936   , 87 ,Milano          ,ILRS1A14AUAE6B7Y ,  1930
Adamo        ,Trotta       ,15/01/1945   , 78 ,Milano          ,Y217MNXTYNPOB1U6 ,  1940
Greco        ,Galuppi      ,08/01/2004   , 19 ,Milano          ,O2CW87LKK6MOLJ6P ,  2000
Aria         ,Sollima      ,19/08/2017   ,  6 ,Milano          ,OMO7KZH7QKP154E9 ,  2010
Melina       ,Moretti      ,11/04/1926   , 97 ,Milano          ,9G8G6J5F5XE8PG5B ,  1920
Flora        ,Armellini    ,13/07/1966   , 57 ,Milano          ,TCTCYDOQJCMIXFFP ,  1960
Alphons      ,Zarlino      ,21/02/1934   , 89 ,Milano          ,KF5D78E8J3LQZT2O ,  1930
Rosaria      ,Savorgnan    ,21/12/1949   , 73 ,Milano          ,IXUYPIMMGWBIZOYA ,  1940
Mirko        ,Berrè        ,25/01/1946   , 77 ,Milano          ,W510M15Y34JKOA74 ,  1940
Luchino      ,Rossini      ,24/08/1988   , 35 ,Milano          ,4LVRQV7OA594FP26 ,  1980
Dante        ,Verga        ,02/01/1959   , 64 ,Milano          ,8XEP9E8MV4DER79X ,  1950
Ricciotti    ,Bataglia     ,07/01/1942   , 81 ,Milano          ,3NJVPS9B6P561RSV ,  1940
Rembrandt    ,Barzini      ,30/04/1974   , 49 ,Milano          ,Z5M9UKF1K49MNKJ0 ,  1970
Ubaldo       ,Roero        ,08/12/1927   , 95 ,Milano          ,6A9448OCUTH10Z32 ,  1920
Teresa       ,Telesio      ,31/01/1934   , 89 ,Milano          ,FVV6PJTRABGRXSU0 ,  1930
Melina       ,Vercelloni   ,03/10/2022   ,  1 ,Milano          ,JOUWQRXUPAKBZVIC ,  2020
Umberto      ,Sorrentino   ,03/12/1943   , 80 ,Milano          ,M15V4AIPQ4GUTXAB ,  1940
Dina         ,Parmitano    ,31/10/1959   , 64 ,Milano          ,KPTQCWKVEJRQNYVP ,  1950
Liliana      ,Ceschi       ,09/02/1997   , 26 ,Milano          ,OSW5HQGHBE2LKFUO ,  1990
Fabia        ,Agazzi       ,10/10/2007   , 16 ,Milano          ,JUTZWMUUKKOLQVXQ ,  2000
Susanna      ,Piccio       ,14/10/2015   ,  8 ,Milano          ,HOI1TFFBEWWT3TJ2 ,  2010
Berenice     ,Bergoglio    ,05/12/1940   , 83 ,Milano          ,BHQW3622VGXYJNK0 ,  1940
Massimo      ,Pellico      ,21/03/1991   , 32 ,Milano          ,MHMI4GNTJG97ATBP ,  1990
Sabatino     ,Pezzali      ,02/08/2020   ,  3 ,Milano          ,3HKD9SPTG3K51KRK ,  2020
Maurizio     ,Civaschi     ,19/10/1929   , 94 ,Milano          ,5TYC3MJL7D0QWSC2 ,  1920
Amalia       ,Lombardo     ,29/07/1991   , 32 ,Milano          ,R4LFBYCVCEOKD899 ,  1990
Ferdinando   ,Faranda      ,25/06/2008   , 15 ,Milano          ,7UO1SI2FX9TFMSPF ,  2000
Pasqual      ,Molesini     ,17/03/1958   , 65 ,Milano          ,69GXAFSVI179DYSZ ,  1950
Edoardo      ,Monte        ,18/01/1949   , 74 ,Milano          ,K6DB8JZHVM1173QE ,  1940
Michela      ,Ortese       ,21/08/1983   , 40 ,Milano          ,PZ0MPMLIMNM9NA9U ,  1980
Natalia      ,Cutrufo      ,14/03/1968   , 55 ,Milano          ,3A5EAF5B7KHXIU2Y ,  1960
Stella       ,Silvestri    ,20/06/1941   , 82 ,Milano          ,WWAQWNF7A6G07D2Y ,  1940
Matteo       ,Galuppi      ,17/02/1971   , 52 ,Milano          ,RL31T02R8S5BEHIF ,  1970
Annunziata   ,Valmarana    ,17/12/1964   , 58 ,Milano          ,OPSPLLAQQQZSFPOR ,  1960
Baccio       ,Fioravanti   ,14/11/1980   , 43 ,Milano          ,2QU8JX14U09SQDVL ,  1980
Gian         ,Quasimodo    ,28/10/1974   , 49 ,Milano          ,Z61450LVUUY8ALQS ,  1970
Napoleone    ,Cherubini    ,14/02/1955   , 68 ,Milano          ,RI5S3J9OQRL2UVVK ,  1950
Massimo      ,Donà         ,09/09/1959   , 64 ,Milano          ,DNJMWY1HG9QRCYGB ,  1950
Dolores      ,Guarana      ,16/09/2007   , 16 ,Milano          ,9LCYGKRTK82WC444 ,  2000
Nino         ,Crisafulli   ,27/01/1949   , 74 ,Milano          ,G7KJAFMI6BQN65LY ,  1940
Emilio       ,Govoni       ,08/01/1980   , 43 ,Milano          ,JZQZ1UJEAPX4KCRM ,  1980
Coluccio     ,Giannotti    ,29/03/1925   , 98 ,Milano          ,BSPZYNB9H1UB10FZ ,  1920
Tiziano      ,Onisto       ,08/02/1998   , 25 ,Milano          ,TPQGMY51WIA529E0 ,  1990
Baccio       ,Jilani       ,26/07/1957   , 66 ,Milano          ,UA389FFTOAK32I8N ,  1950
Carlo        ,Marsili      ,25/07/1928   , 95 ,Milano          ,M0YNCG9U3HSV8S8L ,  1920
Romina       ,Canova       ,26/01/1952   , 71 ,Milano          ,WDFJJGPDF5GQC3JX ,  1950
Pier         ,Villarosa    ,30/12/1947   , 75 ,Milano          ,OHFQVXVIAEP9U050 ,  1940
Pasquale     ,Pratesi      ,01/04/2019   ,  4 ,Milano          ,YP6WO85RPOOLG4EW ,  2010
Ninetta      ,Vergerio     ,14/03/1959   , 64 ,Milano          ,6IEA73L6SHUBZJN6 ,  1950
Vanessa      ,Segrè        ,07/10/1952   , 71 ,Milano          ,9IA5VEJ9UT27O469 ,  1950
Calcedonio   ,Casale       ,23/11/1959   , 64 ,Milano          ,74QZE1O4M3KRO0I5 ,  1950
Vanessa      ,Troisi       ,16/08/2018   ,  5 ,Milano          ,9YR8B71HK6DJFHEM ,  2010
Pasqual      ,Vivaldi      ,01/05/1987   , 36 ,Milano          ,VFD0JKGK9NOMVSJD ,  1980
Gaetano      ,Murri        ,24/01/1986   , 37 ,Milano          ,UCMPRLY3EPYV66T6 ,  1980
Rita         ,Argentero    ,06/07/1995   , 28 ,Milano          ,FANNB4S054O8ZDTH ,  1990
Melina       ,Verri        ,10/10/1962   , 61 ,Milano          ,OB78WHOZEHD82EIX ,  1960
Ennio        ,Pellegrini   ,31/05/1965   , 58 ,Milano          ,H5P5ASP39D2N660S ,  1960
Allegra      ,Trincavelli  ,14/01/1989   , 34 ,Milano          ,HB7DPDBLEK0I33CO ,  1980
Melissa      ,Amaldi       ,25/02/1924   , 99 ,Milano          ,LEEZBRTPIWDGKQHX ,  1920
Gino         ,Gaito        ,21/03/1943   , 80 ,Milano          ,R3YV4OPOEVR3VM5J ,  1940
Panfilo      ,Guarato      ,01/06/1957   , 66 ,Milano          ,60HIUA4P1A3TABOW ,  1950
Flora        ,Ligorio      ,04/12/1947   , 76 ,Milano          ,X7NP3BMCXYXW1AWW ,  1940
Fabrizia     ,Crespi       ,11/09/1987   , 36 ,Milano          ,2BVOKDEFIRVJHSRC ,  1980
Silvestro    ,Guidotti     ,02/11/1961   , 62 ,Milano          ,O8QI60F6RJ4TTZOZ ,  1960
Pierangelo   ,Galilei      ,25/06/2011   , 12 ,Milano          ,4BLUXV3LXT5KTI89 ,  2010
Eugenia      ,Malatesta    ,10/10/1980   , 43 ,Milano          ,6PKN1045KHI8FH36 ,  1980
Veronica     ,Geraci       ,30/05/1965   , 58 ,Milano          ,SN6VRY0W44JOHV3O ,  1960
Corrado      ,Bellini      ,13/03/1964   , 59 ,Milano          ,PZB8XUADFWUF5LFK ,  1960
Liana        ,Tacchini     ,18/02/1994   , 29 ,Milano          ,RWJWIAZPKSN49XBX ,  1990
Marco        ,Almagià      ,17/10/1965   , 58 ,Milano          ,KCWARMNGJLLMVQWN ,  1960
Marcantonio  ,Balla        ,04/03/1990   , 33 ,Milano          ,WZ1UOJ1C90769V5G ,  1990
Ansaldo      ,Tasca        ,03/09/1928   , 95 ,Milano          ,AMPGZGF1786HVTBI ,  1920
Claudio      ,Bosurgi      ,03/07/1968   , 55 ,Milano          ,524Q9WKLNEXT4DFM ,  1960
Dionigi      ,Nosiglia     ,26/11/1949   , 74 ,Milano          ,JMMS1S7CXX8UZQCD ,  1940
Vincenzo     ,Maggioli     ,04/10/1939   , 84 ,Milano          ,WNG69MKF0UTL3GXY ,  1930
Sandra       ,Littizzetto  ,20/09/1976   , 47 ,Milano          ,5Q1SETZ8UJSZKEGK ,  1970
Beppe        ,Molesini     ,10/09/1972   , 51 ,Milano          ,KBPYAFDP6JOMFDHB ,  1970
Carolina     ,Almagià      ,07/02/1980   , 43 ,Milano          ,2K0S2UU33HFGICIO ,  1980
Cesare       ,Tomei        ,01/07/1999   , 24 ,Milano          ,AWZ7XUKNW3MXNWBD ,  1990
Temistocle   ,Sagnelli     ,29/04/2012   , 11 ,Milano          ,5L12CYPHH4YORF0S ,  2010
Raimondo     ,Foa          ,04/06/1973   , 50 ,Milano          ,KWITCTPLFMUBGHHR ,  1970
Natalia      ,Malacarne    ,08/03/1955   , 68 ,Milano          ,VXRQZYNRCL20QPFY ,  1950
Bernardo     ,Botta        ,28/08/1970   , 53 ,Milano          ,CXHEXKC16V2YTQTK ,  1970
Raffaele     ,Marconi      ,06/11/2004   , 19 ,Milano          ,QXJLSAGUQBJPDYEP ,  2000
Priscilla    ,Micheletti   ,10/06/2011   , 12 ,Milano          ,GDTZXFQXRBLIQBRB ,  2010
Antonina     ,Gianinazzi   ,08/03/2005   , 18 ,Milano          ,FWTGAGYOCSQWZWRW ,  2000
Ottavio      ,Scarpa       ,14/10/1942   , 81 ,Milano          ,HSKIGCK6STD9E9GB ,  1940
Ferdinando   ,Ruberto      ,15/11/2023   ,  0 ,Milano          ,BJXU1L2BBI4E189D ,  2020
Stella       ,Bernini      ,07/04/1987   , 36 ,Milano          ,C2PJ7V0YDEEN38BO ,  1980
Natalia      ,Mocenigo     ,04/05/1932   , 91 ,Milano          ,3K7EMHPTCGW5D9S2 ,  1930
Caterina     ,Naccari      ,03/07/1996   , 27 ,Milano          ,JMOZNXZXJWISSPXU ,  1990
Ronaldo      ,Pizziol      ,12/08/2022   ,  1 ,Milano          ,P61LPI5NNNUK4Y3C ,  2020
Irma         ,Brugnaro     ,26/02/1964   , 59 ,Milano          ,HGM5NC53TBFMOK29 ,  1960
Pierina      ,Tanzini      ,21/10/1991   , 32 ,Milano          ,GQEQO0ME8ZZLHZKW ,  1990
Giuseppe     ,Comboni      ,06/08/1955   , 68 ,Milano          ,LQOQFLBBFQUPJASW ,  1950
Raffaella    ,Battisti     ,03/05/1945   , 78 ,Milano          ,QIKTLOSRMNQAAMSY ,  1940
Graziano     ,Prada        ,07/09/1995   , 28 ,Milano          ,Y8DERUKN6TU8VQGG ,  1990
Enzio        ,Pastine      ,26/03/1924   , 99 ,Milano          ,BS6N524MVXDGYZBR ,  1920
Ermes        ,Crisafulli   ,20/03/2006   , 17 ,Milano          ,P29B81NIVT9036Y3 ,  2000
Arnulfo      ,Pincherle    ,18/10/1976   , 47 ,Milano          ,ZP870JHWNO2Y54RD ,  1970
Virginia     ,Sabbatini    ,08/10/1933   , 90 ,Milano          ,3N5O42YA8NDA5PV0 ,  1930
Filippa      ,Antelami     ,18/11/1935   , 88 ,Milano          ,W1XPEHKH8HIZ9WK4 ,  1930
Dante        ,Tolentino    ,18/11/1988   , 35 ,Milano          ,XR2RWA51H90W50KG ,  1980
Ornella      ,Pepe         ,22/04/2011   , 12 ,Milano          ,9KQ5GQJP9PC75MBR ,  2010
Gino         ,Curiel       ,24/12/1951   , 71 ,Milano          ,PCD1TXKPMXQEY0OB ,  1950
Laura        ,Bompiani     ,13/10/2021   ,  2 ,Milano          ,WM79QSPYCK3HTHEO ,  2020
Dario        ,Quasimodo    ,04/01/1934   , 89 ,Milano          ,JMQ1FVV0VORWTYKI ,  1930
Michela      ,Borghese     ,02/05/2009   , 14 ,Milano          ,8100JM8ZF3GHWHNF ,  2000
Ninetta      ,Schiavo      ,23/08/1963   , 60 ,Milano          ,W7D0LBM9KRJYN8DW ,  1960
Flavia       ,Nosiglia     ,16/02/1932   , 91 ,Milano          ,NT2FR56S3TY4CDB7 ,  1930
Enzo         ,Ginesio      ,14/06/1951   , 72 ,Milano          ,SMOM6D1SVQ2TOOPT ,  1950
Nico         ,Giammusso    ,07/04/1969   , 54 ,Milano          ,05MTXRGXYVSQ0D6A ,  1960
Ranieri      ,Greggio      ,07/03/2003   , 20 ,Milano          ,QTB9G406WFVY8YFB ,  2000
Hugo         ,Pavone       ,28/01/2010   , 13 ,Milano          ,MMM853R0U69VV9BT ,  2010
Michelotto   ,Barbarigo    ,01/05/1937   , 86 ,Milano          ,48UK7D3B223XG4I4 ,  1930
Emma         ,Delle        ,19/01/1976   , 47 ,Milano          ,5TA8UQQU3LPGR2B5 ,  1970
Aria         ,Galilei      ,12/01/1989   , 34 ,Milano          ,FH1Y5G7FFPM2YCDS ,  1980
Santino      ,Treccani     ,06/09/1958   , 65 ,Milano          ,UZWA8JQS0LX5UIKE ,  1950
Fabrizio     ,Moneta       ,15/02/2011   , 12 ,Milano          ,RL8HEWONVVADBBH7 ,  2010
Ernesto      ,Babati       ,27/10/1951   , 72 ,Milano          ,FOJRFRBJLPAACPLS ,  1950
Alphons      ,Petrassi     ,08/11/1925   , 98 ,Milano          ,AI842LZJBOYI0LWD ,  1920
Paulina      ,Sanguineti   ,24/01/1928   , 95 ,Milano          ,UPCKQULLWPUORUVE ,  1920
Bernardo     ,Bosurgi      ,20/01/1992   , 31 ,Milano          ,ZPKH8Y8XL364TR4Z ,  1990
Napoleone    ,Duodo        ,18/10/1979   , 44 ,Milano          ,TVNFLMVMWLEKUPXS ,  1970
Monica       ,Mascheroni   ,02/08/2018   ,  5 ,Milano          ,8ZT688IRWBOV5BLL ,  2010
Lucrezia     ,Tasso        ,11/10/2017   ,  6 ,Milano          ,L0RC308VO4UGXRZH ,  2010
Evangelista  ,Bersani      ,03/12/2014   ,  9 ,Milano          ,KKZMXAAQ8BD0LCCC ,  2010
Baccio       ,Miniati      ,13/03/1928   , 95 ,Milano          ,VB58M4VA4011O5AM ,  1920
Toni         ,Vecoli       ,11/11/1998   , 25 ,Milano          ,GGBB62T5F0Z4JAW1 ,  1990
Fulvio       ,Perini       ,31/01/1994   , 29 ,Milano          ,FIW4KOZCRJBNK7UI ,  1990
Fortunata    ,Ceri         ,28/06/1989   , 34 ,Milano          ,S0JNECHXY44JN9SX ,  1980
Gianpaolo    ,Vespucci     ,09/03/1995   , 28 ,Milano          ,8O2QM1WLVD7BCZ38 ,  1990
Melania      ,Grasso       ,17/03/2014   ,  9 ,Milano          ,8SDKR6CTT6NRXIWQ ,  2010
Matteo       ,Argenti      ,20/12/1987   , 35 ,Milano          ,IVYKN9MVQOIN4Q09 ,  1980
Gionata      ,Borromini    ,21/03/1961   , 62 ,Milano          ,EZBHKIQ9RLGSAHT6 ,  1960
Vittoria     ,Lucchesi     ,03/10/1977   , 46 ,Milano          ,LL6S7YJNDC8V4IUT ,  1970
Torquato     ,Mannoia      ,08/10/1944   , 79 ,Milano          ,488GV80R666Y8YEH ,  1940
Torquato     ,Zacchia      ,02/09/1982   , 41 ,Milano          ,FSLKMER6S2O0MLYZ ,  1980
Maurizio     ,Giannotti    ,20/11/1924   , 99 ,Milano          ,OHWJSBR6OVGAJG4J ,  1920
Pietro       ,Tartaglia    ,03/02/1939   , 84 ,Milano          ,Z5DOLH83FV4N4T14 ,  1930
Mercedes     ,Vianello     ,26/04/1957   , 66 ,Milano          ,ULVDHNQIRYIBJADR ,  1950
Irma         ,Puglisi      ,28/11/2002   , 21 ,Milano          ,E7FMS62V0SHRNOR4 ,  2000
Mirco        ,Micca        ,20/10/1995   , 28 ,Milano          ,Z8E13W1LDF5RGQSR ,  1990
Pier         ,Sommaruga    ,20/10/1957   , 66 ,Milano          ,EPIUIUOIHKBUXQPU ,  1950
Giampaolo    ,Olivetti     ,04/01/1986   , 37 ,Milano          ,TRDOUGCCHJVMTGSZ ,  1980
Luigi        ,Bignardi     ,12/02/1928   , 95 ,Milano          ,6CCB5416K26V35X3 ,  1920
Vanessa      ,Pincherle    ,16/05/1940   , 83 ,Milano          ,HHW644FJ8115YK6L ,  1940
Romina       ,Rusticucci   ,14/02/2022   ,  1 ,Milano          ,XH536XFCETRVQZTX ,  2020
Nino         ,Gonzaga      ,06/12/1952   , 71 ,Milano          ,D5I9QP0UB7JOF0X7 ,  1950
Massimiliano ,Omma         ,14/06/1963   , 60 ,Milano          ,66929Y1880AV9XGF ,  1960
Alderano     ,Mancini      ,23/10/1978   , 45 ,Milano          ,SONDXNSB0KZ3GNMG ,  1970
Iolanda      ,Renault      ,27/04/1953   , 70 ,Milano          ,2X1DOR9QTSGA78AF ,  1950
Roberta      ,Trotta       ,10/10/1971   , 52 ,Milano          ,UDS3JP1OAKTYOLZ0 ,  1970
Mirco        ,Filippini    ,15/12/1947   , 75 ,Milano          ,REXHIWIZSP3QZW17 ,  1940
Dina         ,Mennea       ,27/10/1928   , 95 ,Milano          ,YAH1LHU6THKELBXT ,  1920
Delfino      ,Gregorio     ,11/12/1941   , 81 ,Milano          ,BF59KPG1SAIAP66V ,  1940
Fabia        ,Bellini      ,08/04/1976   , 47 ,Milano          ,7SOLGTRABHJQ78JY ,  1970
Greca        ,Ferrucci     ,30/01/1931   , 92 ,Milano          ,7KPVPPH14XU65AYA ,  1930
Pina         ,Nibali       ,15/04/1964   , 59 ,Milano          ,HHPB1R6J99NFECB6 ,  1960
Cristina     ,Bosurgi      ,29/10/1956   , 67 ,Milano          ,QP3OMYNXQUOJ8VWK ,  1950
Federica     ,Burcardo     ,11/06/1965   , 58 ,Milano          ,TUTJXCLKPAH53AVS ,  1960
Fabrizia     ,Raimondi     ,06/12/1933   , 90 ,Milano          ,TJJJPVVIXBQSYKKQ ,  1930
Arnulfo      ,Staglieno    ,20/10/2014   ,  9 ,Milano          ,9MFMJ061JKFVHD7J ,  2010
Achille      ,Sibilia      ,15/05/1971   , 52 ,Milano          ,EKEJAN8W9QCFRIDJ ,  1970
Berenice     ,Altera       ,10/01/2008   , 15 ,Milano          ,P18TDEODTZKS0F8O ,  2000
Vittoria     ,Piccinni     ,22/07/2021   ,  2 ,Milano          ,N864LJD3OQDC5UFG ,  2020
Ruggiero     ,Fantozzi     ,05/05/1958   , 65 ,Milano          ,JEA9PXUZ7LXAKAP5 ,  1950
Nicolò       ,Botticelli   ,16/11/1971   , 52 ,Milano          ,Y5RCQZIE0QX0ZOTR ,  1970
Giampiero    ,Pinamonte    ,29/11/1993   , 30 ,Milano          ,ULE97YP7QX8G28OU ,  1990
Franco       ,Toselli      ,16/08/1966   , 57 ,Milano          ,8MIODFDZLBYK48V8 ,  1960
Ilaria       ,Pisaroni     ,03/03/1954   , 69 ,Milano          ,OZAW9UKTNKQIRIAA ,  1950
Vincenza     ,Trevisan     ,04/06/1997   , 26 ,Milano          ,KB4DL41P2JP4L3PZ ,  1990
Gioffre      ,Spallanzani  ,18/05/2013   , 10 ,Milano          ,QEUE88JLA0UL0JXP ,  2010
Gaspare      ,Federico     ,27/11/2015   ,  8 ,Milano          ,JZILGBBHDY6RLSZW ,  2010
Viridiana    ,Sauro        ,18/08/1986   , 37 ,Milano          ,27SYUFN9B2WURFV8 ,  1980
Isabella     ,Ficino       ,13/07/1961   , 62 ,Milano          ,5YG4G8FO4MWXKOVS ,  1960
Gianluigi    ,Travaglio    ,22/05/2021   ,  2 ,Milano          ,1DYVSL27LRZ2KU6C ,  2020
Tullio       ,Cipolla      ,04/11/1987   , 36 ,Milano          ,Z461XDUBPDVB1XDE ,  1980
Eva          ,Bossi        ,30/07/1930   , 93 ,Milano          ,17MH9RUD4I9QFVIE ,  1930
Etta         ,Randazzo     ,17/06/1932   , 91 ,Milano          ,SZ7H4QE2NUAIUBES ,  1930
Flora        ,Rossini      ,08/12/1998   , 24 ,Milano          ,Z7FNC8ZFIWKF5JZO ,  1990
Ippazio      ,Alighieri    ,10/02/1930   , 93 ,Milano          ,6ZOWE024H5LMY6YK ,  1930
Monica       ,Tremonti     ,13/10/1924   , 99 ,Milano          ,E8ZUHQPT24RW4ZVO ,  1920
Cirillo      ,Giannotti    ,09/05/1963   , 60 ,Milano          ,VFOFAKOGBUMBDSZY ,  1960
Manuel       ,Antonioni    ,12/11/1975   , 48 ,Milano          ,QXDV17COJEI3TTI4 ,  1970
Simone       ,Polizzi      ,27/10/1968   , 55 ,Milano          ,5PAIVGRVOBC4RDHL ,  1960
Antonella    ,Petralli     ,29/10/1972   , 51 ,Milano          ,PNUMOUVICXUABWKA ,  1970
Salvatore    ,Lamborghini  ,13/06/1982   , 41 ,Milano          ,00I1G4W4Y4EJGEHD ,  1980
Pierluigi    ,Pagliaro     ,19/11/1991   , 32 ,Milano          ,MAHZBA57BJMUW9JO ,  1990
Morena       ,Cociarelli   ,10/04/1966   , 57 ,Milano          ,5G7XRZHB6M6WU6KN ,  1960
Martino      ,Bellocchio   ,21/10/1960   , 63 ,Milano          ,738TG56KYA8MUY4Z ,  1960
Giacobbe     ,Bova         ,11/10/2022   ,  1 ,Milano          ,8I1SJSLSHJI6O5NL ,  2020
Silvia       ,Ferretti     ,27/01/1950   , 73 ,Milano          ,O4XZ95MQ67TTCHEL ,  1950
Raffaella    ,Depero       ,27/08/2001   , 22 ,Milano          ,NAJCGRGAVOWGIANX ,  2000
Vittoria     ,Cesarotti    ,03/02/1967   , 56 ,Milano          ,PGRYMWKFKRURBUDC ,  1960
Giacomo      ,Callegari    ,29/10/1959   , 64 ,Milano          ,GGHT5SX30J8HG3C7 ,  1950
Eugenia      ,Platini      ,19/05/1930   , 93 ,Milano          ,ZZRCM2VLGHTZ83ZW ,  1930
Rembrandt    ,Cortese      ,19/04/2010   , 13 ,Milano          ,V3OFN3SRHN1PG985 ,  2010
Matilda      ,Ferragamo    ,24/02/1994   , 29 ,Milano          ,0CXBMURP8673HXN6 ,  1990
Liberto      ,Cagnotto     ,28/03/2014   ,  9 ,Milano          ,V4LEMJM05V5S8J7U ,  2010
Alessandra   ,Mercati      ,16/02/1969   , 54 ,Milano          ,RLH3GWTTGZRU80VS ,  1960
Paoletta     ,Santi        ,24/08/1991   , 32 ,Milano          ,BFZLRWOVLFWFG52D ,  1990
Donna        ,Giunti       ,19/11/1935   , 88 ,Milano          ,44WTVLU3QD5KPX3X ,  1930
Gianmarco    ,Rastelli     ,08/10/1963   , 60 ,Milano          ,D9RP21Z04WE4SVUH ,  1960
Antonella    ,Montessori   ,15/09/1944   , 79 ,Milano          ,Q780TKDAJBZR45RR ,  1940
Puccio       ,Trussardi    ,16/03/1928   , 95 ,Milano          ,XR9JB9DGJ5LX5TIS ,  1920
Gemma        ,Pietrangeli  ,24/09/2018   ,  5 ,Milano          ,JEKBRRUPDDZSRMIW ,  2010
Pierluigi    ,Comolli      ,28/07/1945   , 78 ,Milano          ,IML0U1ML14F6XKH9 ,  1940
Adelasia     ,Sismondi     ,16/08/1938   , 85 ,Milano          ,PLXA7WACVIL63S6U ,  1930
Ludovica     ,Persico      ,13/10/1943   , 80 ,Milano          ,0CC7T6319MW7IATP ,  1940
Benedetto    ,Gullotta     ,11/10/1961   , 62 ,Milano          ,NYSPYMRMS7DWG84O ,  1960
Martino      ,Morlacchi    ,08/08/1978   , 45 ,Milano          ,CVM30KWXLKD9RZ3J ,  1970
Rosario      ,Littizzetto  ,14/02/1939   , 84 ,Milano          ,NVTE005GP40WG7K4 ,  1930
Martino      ,Cipolla      ,20/10/2022   ,  1 ,Milano          ,MVNV3ZUZ3NHYHX1M ,  2020
Antonino     ,Nonis        ,25/03/2022   ,  1 ,Milano          ,1026RIDFJ3E0BUUS ,  2020
Nicoletta    ,Morosini     ,30/10/1938   , 85 ,Milano          ,Q5JNLOWS9QKAK40U ,  1930
Riccardo     ,Curci        ,24/07/1964   , 59 ,Milano          ,NLM4MUF6LQJF8Z8B ,  1960
Agnolo       ,Angeli       ,12/12/1991   , 31 ,Milano          ,V9ZWJ7VAX5DGTBNU ,  1990
Letizia      ,Nitto        ,15/09/2011   , 12 ,Milano          ,5D3H5X1S4F2AJDQJ ,  2010
Carla        ,Moccia       ,04/07/1973   , 50 ,Milano          ,B26WHAD4X7ZDXLWG ,  1970
Gastone      ,Franscini    ,23/08/2015   ,  8 ,Milano          ,ZSVPSSMJNDA26MK1 ,  2010
Fabrizia     ,Martucci     ,22/03/1956   , 67 ,Milano          ,BGDM4BL8UL62B68R ,  1950
Ippazio      ,Calbo        ,22/10/1973   , 50 ,Milano          ,OMW2QTEMP7VM3IU8 ,  1970
Beatrice     ,Perini       ,30/10/1973   , 50 ,Milano          ,PUOGWPKLWRZRCMQA ,  1970
Mattia       ,Liverotti    ,17/12/1990   , 32 ,Milano          ,XBZEP3WHUZHCF3H3 ,  1990
Temistocle   ,Crispi       ,08/03/1944   , 79 ,Milano          ,Z431YAQO32P1G6CQ ,  1940
Donatello    ,Comolli      ,07/12/1984   , 38 ,Milano          ,5NEYG711L9OJX48O ,  1980
Paola        ,Donatoni     ,11/11/1945   , 78 ,Milano          ,D8ATKOPR4RSAN4L6 ,  1940
Panfilo      ,Rosmini      ,30/12/1957   , 65 ,Milano          ,KEIWH06R9BXQBZWY ,  1950
Laura        ,Brambilla    ,10/03/2020   ,  3 ,Milano          ,CIPX1K4WH073UKFJ ,  2020
Maria        ,Parmitano    ,02/11/2013   , 10 ,Milano          ,PIYSEJMJ8H4AVCJ0 ,  2010
Jacopo       ,Verga        ,03/10/2005   , 18 ,Milano          ,JLJSUSGOWIHTASJV ,  2000
Paulina      ,Berlusconi   ,18/07/1927   , 96 ,Milano          ,RRN3FOID263HJVJK ,  1920
Roberto      ,Morlacchi    ,29/10/1938   , 85 ,Milano          ,3V9M3UHERHOBPNQ4 ,  1930
Donatello    ,Foà          ,02/09/1949   , 74 ,Milano          ,LAFS6QPSE3RC7CBA ,  1940
Tiziana      ,Borrani      ,12/05/2002   , 21 ,Milano          ,LCBQCH1LB98W28MW ,  2000
Lara         ,Zichichi     ,05/03/2008   , 15 ,Milano          ,C6Q8NBS8TIYTTIHA ,  2000
Giacinto     ,Botticelli   ,03/04/1982   , 41 ,Milano          ,27QIR061YPU2IC1R ,  1980
Filippa      ,Nitto        ,06/10/1995   , 28 ,Milano          ,KZ6VA4IQDO7RZQRJ ,  1990
Elladio      ,Interminelli ,25/08/2004   , 19 ,Milano          ,H75JS95DON692XJJ ,  2000
Lodovico     ,Bettin       ,18/08/1930   , 93 ,Milano          ,OZP6DF26TUU45LO1 ,  1930
Nedda        ,Morpurgo     ,16/06/1932   , 91 ,Milano          ,SKZ2Y7BIHHBXVGTK ,  1930
Federica     ,Lucchesi     ,30/10/2010   , 13 ,Milano          ,YRY6VMGRAJSTGOR5 ,  2010
Liberto      ,Russo        ,09/12/1927   , 95 ,Milano          ,N8NTS79KV1B2OXOG ,  1920
Monica       ,Vianello     ,29/06/1946   , 77 ,Milano          ,CUSAYRITXWZI8RJV ,  1940
Piergiorgio  ,Iadanza      ,22/01/1928   , 95 ,Milano          ,AGWCNTOFMKDJZBDW ,  1920
Raffaella    ,Rensi        ,11/07/1925   , 98 ,Milano          ,D56RGRA2GLVXINVJ ,  1920
Giuseppe     ,Simeoni      ,03/05/2008   , 15 ,Milano          ,SX5C4JHYP2DWR1AC ,  2000
Paulina      ,Parisi       ,13/01/1957   , 66 ,Milano          ,0EJB4DZNTNH5CN3S ,  1950
Adele        ,Ravaglioli   ,22/01/1940   , 83 ,Milano          ,EH1L1VZKO5GC36G4 ,  1940
Arnulfo      ,Ferrucci     ,14/11/1938   , 85 ,Milano          ,3YQO6HVG8D879Z9A ,  1930
Severino     ,Condoleo     ,24/07/1989   , 34 ,Milano          ,TUB6EEC7HW7YY4CX ,  1980
Giampaolo    ,Zamengo      ,16/10/2020   ,  3 ,Milano          ,ZXLU276GO8VCIKZP ,  2020
Pellegrino   ,Valier       ,19/06/1974   , 49 ,Milano          ,3CO043DEAB989UFD ,  1970
Isa          ,Olivetti     ,17/01/2014   ,  9 ,Milano          ,U9HI3CXHX375TZMY ,  2010
Sonia        ,Golino       ,17/03/1974   , 49 ,Milano          ,PNR84A3O0E5RJ8U3 ,  1970
Maurilio     ,Grisoni      ,07/05/1981   , 42 ,Milano          ,L6OGX17YLHV4D25U ,  1980
Lando        ,Granatelli   ,23/10/1991   , 32 ,Milano          ,01K3VN8MV979MIYH ,  1990
Milena       ,Tosi         ,15/06/2004   , 19 ,Milano          ,L488NJWA0JPJ85TV ,  2000
Camillo      ,Antonacci    ,25/09/1999   , 24 ,Milano          ,ECICUM6CFUG2ETXJ ,  1990
Valentina    ,Tosi         ,26/12/2022   ,  0 ,Milano          ,TAHHRJA3JK0FLU6D ,  2020
Francesca    ,Borgia       ,24/08/1998   , 25 ,Milano          ,W3YKBA5LXPPXVTE4 ,  1990
Coluccio     ,Franzese     ,07/07/2014   ,  9 ,Milano          ,KR6Y570DQFVUGF8D ,  2010
Tullio       ,Cimarosa     ,05/08/1944   , 79 ,Milano          ,N33RSBJPTVKPGYIX ,  1940
Angelica     ,Fattori      ,03/07/1977   , 46 ,Milano          ,IAODT9JDNZ6QA3FR ,  1970
Fernanda     ,Turci        ,27/10/1983   , 40 ,Milano          ,M3FRRGLYF4CPTP1Q ,  1980
Luigi        ,Granatelli   ,06/07/2006   , 17 ,Milano          ,YDJU8RGGBEVEFLK7 ,  2000
Claudio      ,Pizziol      ,09/03/1972   , 51 ,Milano          ,TMW6FM2IKAJ3WXHZ ,  1970
Lilla        ,Foletti      ,18/01/2003   , 20 ,Milano          ,AQOS310YYRJPHZCM ,  2000
Fiorino      ,Franscini    ,30/10/1962   , 61 ,Milano          ,SWKIUMIDHSADWOIP ,  1960
Roberta      ,Maglio       ,07/08/1982   , 41 ,Milano          ,IL35G6J2I333XOYE ,  1980
Mariana      ,Vismara      ,26/01/2009   , 14 ,Milano          ,PXDALI5YY4E7GP0W ,  2000
Gianna       ,Sorrentino   ,02/10/2003   , 20 ,Milano          ,BG7VEK29HDKTYYZT ,  2000
Riccardo     ,Tarantino    ,26/08/1989   , 34 ,Milano          ,LVCRT8ZWPUI34TTV ,  1980
Fabrizia     ,Gioberti     ,09/01/1924   , 99 ,Milano          ,CVO7HLPV0R4UJWEK ,  1920
Laura        ,Donini       ,08/03/1942   , 81 ,Milano          ,B10TZNCF8QD3CIN8 ,  1940
Giacomo      ,Detti        ,26/08/1974   , 49 ,Milano          ,2SN8BCXR1DTDRNXF ,  1970
Simone       ,Cicilia      ,05/06/1949   , 74 ,Milano          ,7HRP7CQ00RCN7D62 ,  1940
Fredo        ,Ginesio      ,23/07/1930   , 93 ,Milano          ,KEZP1NF0CAYIDFYS ,  1930
Giacomo      ,Camanni      ,05/12/2009   , 14 ,Milano          ,HTBPWBNOVPUCBKPT ,  2000
Gabriele     ,Amato        ,25/03/2018   ,  5 ,Milano          ,BOVOATNZ96AKGK9U ,  2010
Amanda       ,Rienzo       ,05/04/1954   , 69 ,Milano          ,REZLKDADCUKVRLXU ,  1950
Amadeo       ,Berengario   ,11/10/1964   , 59 ,Milano          ,CE23P6S5T68OJMX1 ,  1960
Federigo     ,Bianchi      ,12/12/2004   , 18 ,Milano          ,PCWBIBKHKINPBHDE ,  2000
Concetta     ,Castelli     ,22/03/1930   , 93 ,Milano          ,Y7YK588WU1ZJLFP8 ,  1930
Gianmarco    ,Pugliese     ,20/01/1988   , 35 ,Milano          ,DRSJLJBOJZILZTST ,  1980
Livia        ,Baggio       ,21/09/1936   , 87 ,Milano          ,5E1NU51X9PA9OV43 ,  1930
Leopoldo     ,Bernardini   ,08/09/1952   , 71 ,Milano          ,H1OW1Y1LW9A0NKYI ,  1950
Panfilo      ,Segni        ,08/12/2006   , 16 ,Milano          ,ZVX6AOK5OMVUE382 ,  2000
Arnaldo      ,Galuppi      ,19/07/1929   , 94 ,Milano          ,MDG6GQFYG3BKFTLW ,  1920
Greco        ,Scamarcio    ,04/08/1927   , 96 ,Milano          ,LBLE0R45UJU4IJX1 ,  1920
Roberta      ,Branciforte  ,03/10/1965   , 58 ,Milano          ,QMRTAAEJMOUKYUZV ,  1960
Alberico     ,Babato       ,23/02/1973   , 50 ,Milano          ,Q0NF6Q6Q5CBQ44EF ,  1970
Annalisa     ,Papafava     ,10/04/2010   , 13 ,Milano          ,FUEPMNR8CE9QRTVA ,  2010
Vittorio     ,Tafuri       ,02/09/1995   , 28 ,Milano          ,Z18DSIIAX272W8NL ,  1990
Antonina     ,Casarin      ,23/04/1991   , 32 ,Milano          ,VBSRU8YLRS8XM6BG ,  1990
Napoleone    ,Treves       ,15/02/1939   , 84 ,Milano          ,96IVK8W1848FJ652 ,  1930
Pierpaolo    ,Parri        ,08/08/2022   ,  1 ,Milano          ,5RD1IVUOXND55KUE ,  2020
Ciro         ,Strangio     ,31/01/1965   , 58 ,Milano          ,QN845417L8O2MQIE ,  1960
Aldo         ,Interiano    ,18/02/1985   , 38 ,Milano          ,BLLCU5VDIKL1PCZI ,  1980
Gianluigi    ,Pascarella   ,22/08/1962   , 61 ,Milano          ,A4SJFHKC6HCREM66 ,  1960
Valeria      ,Morandi      ,12/09/1928   , 95 ,Milano          ,X6QWV9808H9CJ30E ,  1920
Marta        ,Bandello     ,21/01/1971   , 52 ,Milano          ,QNHI4B4MY5WIZX8K ,  1970
Amanda       ,Grimani      ,15/02/1939   , 84 ,Milano          ,EZQKRIDPXBJMPYVZ ,  1930
Laureano     ,Rosselli     ,30/03/1927   , 96 ,Milano          ,O2HOGD3AZ48449NI ,  1920
Ramona       ,Ceri         ,11/09/1985   , 38 ,Milano          ,FFNUD24AOJ92STDM ,  1980
Cipriano     ,Cheda        ,14/12/1986   , 36 ,Milano          ,CM3SYODXSWBA86SO ,  1980
Mirco        ,Roccabonella ,10/07/1934   , 89 ,Milano          ,VURUMVEBOOPFKDVW ,  1930
Livio        ,Soranzo      ,16/11/1978   , 45 ,Milano          ,9W847NDFX3P3YHGH ,  1970
Pierpaolo    ,Ortese       ,23/08/1958   , 65 ,Milano          ,JTIUW3X2RBLWR8GB ,  1950
Cesare       ,Pascarella   ,25/04/1962   , 61 ,Milano          ,H5TZXIO5I83STSZX ,  1960
Elmo         ,Federico     ,03/08/2001   , 22 ,Milano          ,S7C363ESEXVZXT19 ,  2000
Gino         ,Ferragamo    ,30/12/1972   , 50 ,Milano          ,K7VCLNQWKDR8H2DS ,  1970
Raffaello    ,Montesano    ,25/01/2012   , 11 ,Milano          ,GU758J12C711GEX9 ,  2010
Ivo          ,Saragat      ,20/12/1984   , 38 ,Milano          ,8MQJ20L6IAECP1CU ,  1980
Fredo        ,Surian       ,08/09/1970   , 53 ,Milano          ,M36Y19U5F6BAI3Z6 ,  1970
Gino         ,Donini       ,10/03/1987   , 36 ,Milano          ,74P5LVIK27A450YE ,  1980
Carmelo      ,Ortese       ,05/10/1957   , 66 ,Milano          ,61SYUSDNOQ4KDHUO ,  1950
Nedda        ,Scialpi      ,03/06/1936   , 87 ,Milano          ,ES3K74P2P3MUOKQO ,  1930
Nicoletta    ,Vecellio     ,16/03/1992   , 31 ,Milano          ,I912O7U7R9JHIN3B ,  1990
Maria        ,Trillini     ,28/02/1986   , 37 ,Milano          ,LRKOPE1MD4H1VB99 ,  1980
Paride       ,Fanucci      ,20/10/2002   , 21 ,Milano          ,DZGQRJ4ERV25U9CM ,  2000
Ugo          ,Argentero    ,13/09/1936   , 87 ,Milano          ,HOPSE20WYJHMKOTS ,  1930
Licia        ,Ferraris     ,11/02/2015   ,  8 ,Milano          ,IFIDKJU3KWLDOCT0 ,  2010
Alessandro   ,Toselli      ,17/11/2003   , 20 ,Milano          ,MFYKPKLCHWLSHUQZ ,  2000
Alessandro   ,Maggioli     ,17/08/2015   ,  8 ,Milano          ,IJR54DZFYRT3NSVU ,  2010
Graziano     ,Ziani        ,12/03/2011   , 12 ,Milano          ,LJ124L5FLWPZYXQC ,  2010
Stefano      ,Musatti      ,20/01/1992   , 31 ,Milano          ,KBTSBS2U1JU1AE5Y ,  1990
Domenico     ,Cardano      ,19/12/2004   , 18 ,Milano          ,KPRAEGBIBNHSKTV3 ,  2000
Alessandra   ,Tacchini     ,12/11/1975   , 48 ,Milano          ,OY77XEVU3UD4QUMO ,  1970
Melina       ,Gelli        ,30/06/2002   , 21 ,Milano          ,NNVJFZWHYDDVAAZC ,  2000
Lorenzo      ,Spinola      ,24/11/1942   , 81 ,Milano          ,JURFDWHTG3U6KF9W ,  1940
Mirko        ,Broschi      ,27/02/2002   , 21 ,Milano          ,HGZ2KHF6YA5DDZUB ,  2000
Michelangelo ,Verdone      ,04/06/1968   , 55 ,Milano          ,IDQFP1U45LVGMOH3 ,  1960
Gianpaolo    ,Guarato      ,11/08/1999   , 24 ,Milano          ,VOFHH3C3Q15WWGIX ,  1990
Allegra      ,Pizzetti     ,07/07/1969   , 54 ,Milano          ,TA57EOZPQ33SYKUW ,  1960
Ivan         ,Guidotti     ,25/11/2002   , 21 ,Milano          ,B4N0EV0DSROJN9AE ,  2000
Giorgio      ,Bruno        ,12/07/1931   , 92 ,Milano          ,JX5SKZES9180C4RH ,  1930
Amanda       ,Speri        ,17/06/1928   , 95 ,Milano          ,GVTF31AR3WU7PZ5B ,  1920
Barbara      ,Garrone      ,13/05/2017   ,  6 ,Milano          ,F7S3CUGRKTEUAV9G ,  2010
Melissa      ,Cipolla      ,31/07/1972   , 51 ,Milano          ,3Y5VZL7ZXMYVPU6P ,  1970
Rita         ,Carullo      ,16/01/2014   ,  9 ,Milano          ,XD57Z62HXT1Q2MGB ,  2010
Fiamma       ,Borroni      ,31/05/2018   ,  5 ,Milano          ,26ZM5Q92DG9GCO1S ,  2010
Daniele      ,Antonetti    ,09/08/1990   , 33 ,Milano          ,URPEAVEEOPBEXKWR ,  1990
Nedda        ,Combi        ,20/02/1981   , 42 ,Milano          ,GXUSKFY6EG2F5NPI ,  1980
Sonia        ,Ferraris     ,01/08/1945   , 78 ,Milano          ,04AGXVIIGDG4U8CC ,  1940
Marcello     ,Alfieri      ,04/05/1933   , 90 ,Milano          ,3CUOIMDWSLLPNQC1 ,  1930
Fausto       ,Petruzzi     ,18/11/2005   , 18 ,Milano          ,LPIVDHRYDENQMDFL ,  2000
Ivan         ,Pellegrini   ,25/10/2012   , 11 ,Milano          ,6HIYGHIQYTLMFG0J ,  2010
Lodovico     ,Lombardi     ,19/11/2001   , 22 ,Milano          ,T69GCGXXENGJF3C0 ,  2000
Rosario      ,Totino       ,20/10/1993   , 30 ,Milano          ,K0MKI1DIN6QC35KT ,  1990
Giustino     ,Grossi       ,24/12/1965   , 57 ,Milano          ,51WR112XGI7D3LG9 ,  1960
Gioachino    ,Tommaseo     ,05/07/1954   , 69 ,Milano          ,4FO5BS0GWYX0LMIG ,  1950
Jacopo       ,Argentero    ,03/05/1935   , 88 ,Milano          ,4VDIHSKYOHK1QGIA ,  1930
Azeglio      ,Trotta       ,26/07/1966   , 57 ,Milano          ,UTPJZBA3RY9ZHZNO ,  1960
Virgilio     ,Nicoletti    ,24/07/1980   , 43 ,Milano          ,NN1C5VIYBDZ3NH0R ,  1980
Lazzaro      ,Salandra     ,22/03/2016   ,  7 ,Milano          ,GGNBW4D1U4Z2AG62 ,  2010
Paulina      ,Asprucci     ,05/07/2017   ,  6 ,Milano          ,1M5SC1SPNSCP2QSK ,  2010
Marisa       ,Maggioli     ,14/07/1965   , 58 ,Milano          ,KGE1130KLOPBPW7T ,  1960
Letizia      ,Sabatini     ,30/11/1933   , 90 ,Milano          ,017S6F4G3ZLRT9SZ ,  1930
Lina         ,Caccioppoli  ,30/04/2001   , 22 ,Milano          ,HH58ADPVSY9A22ZJ ,  2000
Evangelista  ,Fornaciari   ,18/05/1997   , 26 ,Milano          ,ZA26GILN02LIKNB4 ,  1990
Sergius      ,Micheletti   ,25/01/1927   , 96 ,Milano          ,HMENN7VOIRBXM67C ,  1920
Coluccio     ,Gabba        ,22/08/1968   , 55 ,Milano          ,DZ52ZK2HN964DPX4 ,  1960
Lilla        ,Iannuzzi     ,05/08/1992   , 31 ,Milano          ,39WA2JCEJFBNCN2A ,  1990
Domenico     ,Ginesio      ,04/01/1927   , 96 ,Milano          ,J6UU7DPHNB5A1SWA ,  1920
Alphons      ,Boccioni     ,12/11/2015   ,  8 ,Milano          ,HVYIYRLTHJVZRJAA ,  2010
Ignazio      ,Giannelli    ,27/02/2020   ,  3 ,Milano          ,JK5XQOK6A3NGMMTP ,  2020
Ninetta      ,Casale       ,15/03/1996   , 27 ,Milano          ,282KGUGPAXRIIQVE ,  1990
Bianca       ,Chindamo     ,06/11/1931   , 92 ,Milano          ,8STJSFL1PX70N4L1 ,  1930
Federico     ,Bruscantini  ,10/01/1931   , 92 ,Milano          ,GZPPPGCLPFISH6GA ,  1930
Flavia       ,Anguissola   ,25/11/1959   , 64 ,Milano          ,POSPQL7FU142CGRG ,  1950
Mirco        ,Pisaroni     ,08/12/1926   , 96 ,Milano          ,1N5FWBHCKQSPHONE ,  1920
Gaetano      ,Iannuzzi     ,06/10/1958   , 65 ,Milano          ,NGROJOTRG6SYPPKE ,  1950
Armando      ,Schicchi     ,29/12/1924   , 98 ,Milano          ,0B2SVSIZQTVUB2ZF ,  1920
Vincenzo     ,Giunti       ,13/05/2021   ,  2 ,Milano          ,YP0BW3L9ILOCXZ3D ,  2020
Mercedes     ,Catalano     ,04/11/2005   , 18 ,Milano          ,VTXQ682BFG7AO984 ,  2000
Daniele      ,Bajamonti    ,17/01/1931   , 92 ,Milano          ,M1VYUSN6CWWVGPRX ,  1930
Hugo         ,Gangemi      ,13/04/2013   , 10 ,Milano          ,DAU1FL2QE3OF20L1 ,  2010
Sylvia       ,Siffredi     ,13/10/1944   , 79 ,Milano          ,SYRTF0FOEMINDZN9 ,  1940
Gianluigi    ,Bonino       ,18/06/1944   , 79 ,Milano          ,B375JV77661885ME ,  1940
Edoardo      ,Mercadante   ,01/05/1991   , 32 ,Milano          ,XC39Y735FIGSKSBO ,  1990
Patrizia     ,Donarelli    ,05/10/2017   ,  6 ,Milano          ,83IM8IRMUKKADJ6K ,  2010
Pierluigi    ,Zaccardo     ,23/04/1936   , 87 ,Milano          ,Y9WOPVCPGIJ3YW8J ,  1930
Vittoria     ,Strangio     ,19/09/1924   , 99 ,Milano          ,Q9XW2M663ZAA5IWF ,  1920
Marco        ,Bertoli      ,20/11/1960   , 63 ,Milano          ,RMVMRK1BASHXSEO4 ,  1960
Marcello     ,Rosmini      ,18/06/1926   , 97 ,Milano          ,XFGVHW5TA2JOKFX1 ,  1920
Ludovico     ,Mercalli     ,10/06/1984   , 39 ,Milano          ,JTVZACABYFCHQXWX ,  1980
Elmo         ,Palombi      ,09/11/2009   , 14 ,Milano          ,3HRFMPYXQLZYSA7V ,  2000
Ruggiero     ,Tosi         ,08/09/1942   , 81 ,Milano          ,NEB2OQYOPNO1AHXX ,  1940
Lucia        ,Taccola      ,26/03/1935   , 88 ,Milano          ,CCC8CGFIYLYZ8JWS ,  1930
Tina         ,Tencalla     ,03/06/1958   , 65 ,Milano          ,EILGRHRX4NA0N9K4 ,  1950
Domenico     ,Bodoni       ,07/11/2019   ,  4 ,Milano          ,AGUGMKB517QSCDTH ,  2010
Alessandra   ,Tommaseo     ,02/01/1937   , 86 ,Milano          ,VAXGEN53WTMIB641 ,  1930
Raffaellino  ,Soderini     ,01/08/2020   ,  3 ,Milano          ,R269MO2GHH754D69 ,  2020
Antonino     ,Armani       ,13/03/1960   , 63 ,Milano          ,ZFGIMTHVKATMTBKP ,  1960
Pierina      ,Sagnelli     ,21/04/1971   , 52 ,Milano          ,S8UQL22ALLITMF2F ,  1970
Eraldo       ,Bandello     ,29/03/1953   , 70 ,Milano          ,72MPNZ02ABN9UN5S ,  1950
Martino      ,Veneziano    ,24/08/2017   ,  6 ,Milano          ,TIYHEWAQJOOPDTJ7 ,  2010
Sandro       ,Tuzzolino    ,01/10/2019   ,  4 ,Milano          ,WQJNOOWOBTCUMEIR ,  2010
Fabio        ,Gregori      ,19/07/1987   , 36 ,Milano          ,W2GVF70AYCGZJB4E ,  1980
Roberto      ,Esposito     ,23/05/1942   , 81 ,Milano          ,691KWV4WXDUZDFHI ,  1940
Raffaella    ,Comeriato    ,24/03/2023   ,  0 ,Milano          ,DQHWUX0OPDSCO69W ,  2020
Guarino      ,Mazzanti     ,02/04/1934   , 89 ,Milano          ,1A616TV2DYUULN8U ,  1930
Federico     ,Mazzocchi    ,16/01/1982   , 41 ,Milano          ,AEAJTLUTIZQQR04I ,  1980
Liberto      ,Carli        ,18/08/1939   , 84 ,Milano          ,ILOHS5WVOBATYXUQ ,  1930
Morena       ,Nicoletti    ,14/09/2013   , 10 ,Milano          ,53AU2KJT3SP641ZX ,  2010
Micheletto   ,Ovadia       ,03/07/2018   ,  5 ,Milano          ,GDI9F2IPUO79ORVP ,  2010
Mirko        ,Scarponi     ,20/05/2004   , 19 ,Milano          ,WWGCBJGKVZ8ZWK54 ,  2000
Mauro        ,Bonatti      ,26/07/1955   , 68 ,Milano          ,113UJK9FQBTRKBKU ,  1950
Chiara       ,Goldoni      ,07/04/1948   , 75 ,Milano          ,BDQ33ZL9VBJRB7PT ,  1940
Paoletta     ,Marcacci     ,08/06/1999   , 24 ,Milano          ,GJPNRENKPSIJOVQT ,  1990
Santino      ,Collina      ,31/01/1953   , 70 ,Milano          ,UWFW1CAZ5AUZ7NOU ,  1950
Franco       ,Bruscantini  ,13/12/1965   , 57 ,Milano          ,AQKA2OUZAE6OA04L ,  1960
Massimo      ,Montanelli   ,15/08/1928   , 95 ,Milano          ,OHCOAUOGLBBGJKQU ,  1920
Lucia        ,Zeffirelli   ,19/03/1937   , 86 ,Milano          ,HQRYOD1C1C5ID3FJ ,  1930
Gianpietro   ,Querini      ,19/01/1926   , 97 ,Milano          ,6MAIPQYPNEV3LO24 ,  1920
Evangelista  ,Juvara       ,14/10/1931   , 92 ,Milano          ,GM005YDOX4W3AI4D ,  1930
Pellegrino   ,Federico     ,26/04/1931   , 92 ,Milano          ,5QV97AEXKCJ94U7V ,  1930
Mercedes     ,Borgia       ,29/12/1965   , 57 ,Milano          ,KMJSHCEHPSAOUNLY ,  1960
Mariano      ,Bernini      ,15/01/1979   , 44 ,Milano          ,8WEP81T6KWZ1VOOL ,  1970
Bettina      ,Toninelli    ,13/01/1998   , 25 ,Milano          ,WYMUMH92ZAYNS8IF ,  1990
Alberto      ,Maderno      ,21/03/1938   , 85 ,Milano          ,TDO6O6R6Z2J70745 ,  1930
Eliana       ,Dallara      ,10/03/1966   , 57 ,Milano          ,10UGNZVFTC2B4K07 ,  1960
Rita         ,Pellico      ,27/08/1987   , 36 ,Milano          ,VT2D35SNO1SH4MAX ,  1980
Martino      ,Rossetti     ,13/06/1932   , 91 ,Milano          ,YSWNBIKSQOEOK53A ,  1930
Lina         ,Mascagni     ,13/06/1968   , 55 ,Milano          ,3OTXC376AQI4AGT2 ,  1960
Ottavio      ,Versace      ,24/11/1960   , 63 ,Milano          ,IHKXQ0GST105QNLY ,  1960
Stefano      ,Cavanna      ,29/10/2018   ,  5 ,Milano          ,HWGKMUPKJOBUUPDG ,  2010
Leone        ,Terragni     ,12/10/1929   , 94 ,Milano          ,J8X6DCQ2HQM3R82A ,  1920
Torquato     ,Goldstein    ,31/10/1964   , 59 ,Milano          ,Z7BSOAMMO3J70R3U ,  1960
Daria        ,Scalera      ,10/09/1965   , 58 ,Milano          ,WA7JG02U962G3EKJ ,  1960
Giosuè       ,Gentileschi  ,07/10/1996   , 27 ,Milano          ,1HEUYH8J4QL50RTL ,  1990
Maurizio     ,Venturi      ,17/01/1956   , 67 ,Milano          ,JX7T73C61QR3MKUA ,  1950
Sylvia       ,Semitecolo   ,20/05/1944   , 79 ,Milano          ,BE3WH6TJRMW0XOUT ,  1940
Stefano      ,Zichichi     ,23/04/1953   , 70 ,Milano          ,ZTQUJOEPXQT6UA3K ,  1950
Stefano      ,Udinesi      ,21/01/1971   , 52 ,Milano          ,95LIOH2CAPAXZC8J ,  1970
Alberico     ,Cossiga      ,17/12/2018   ,  4 ,Milano          ,7PNTXEA9OH4M38US ,  2010
Romana       ,Bianchi      ,06/08/2003   , 20 ,Milano          ,B7IHLUR4ZRJ7KUZT ,  2000
Giulio       ,Cesarotti    ,05/09/1951   , 72 ,Milano          ,DEJ1QDG55LHTJNS1 ,  1950
Raimondo     ,Fioravanti   ,12/10/1979   , 44 ,Milano          ,Q9BXLFTQHYAF0ETN ,  1970
Gino         ,Carullo      ,09/10/1992   , 31 ,Milano          ,BICJRASDWVFIC98B ,  1990
Milo         ,Bersani      ,06/07/2003   , 20 ,Milano          ,PW5G10TXR9RSUPHK ,  2000
Gioacchino   ,Gozzano      ,01/08/1968   , 55 ,Milano          ,CNA9BA5WKBI13YC3 ,  1960
Antonina     ,Pizzetti     ,07/11/1963   , 60 ,Milano          ,KI1M7WRXU5Q8JD8M ,  1960
Donatello    ,Pozzecco     ,16/09/2000   , 23 ,Milano          ,KNVUSUWD5HRPH9JB ,  2000
Ruggero      ,Balotelli    ,21/02/1967   , 56 ,Milano          ,MFS0L0BS18Y7EQ1T ,  1960
Lisa         ,Dallara      ,11/10/1948   , 75 ,Milano          ,5VBQ3PFRTIWS9N56 ,  1940
Bianca       ,Berengario   ,24/04/1969   , 54 ,Milano          ,ZTCTENIRE5D5D9TA ,  1960
Romeo        ,Zanichelli   ,24/08/2017   ,  6 ,Milano          ,ZBQAZVKOGMRWYRFY ,  2010
Ubaldo       ,Argurio      ,31/03/1938   , 85 ,Milano          ,ZFXNBEUV97GKSIOH ,  1930
Luchino      ,Sommaruga    ,18/03/1970   , 53 ,Milano          ,Q7GN9YUN6VDX35K0 ,  1970
Leonardo     ,Parmitano    ,08/09/1987   , 36 ,Milano          ,KEDSUGY6YHW9O8ZQ ,  1980
Matteo       ,Vanvitelli   ,17/04/1972   , 51 ,Milano          ,QD6SU4FS2L823YZ1 ,  1970
Salvatore    ,Rosselli     ,07/05/1944   , 79 ,Milano          ,FXBG02BSOGO8E9XJ ,  1940
Cristina     ,Pometta      ,08/03/1924   , 99 ,Milano          ,97857R6ZGHK6730A ,  1920
Ramona       ,Russo        ,07/11/1993   , 30 ,Milano          ,JKVCJFZJFMBJJLND ,  1990
Paulina      ,Fogazzaro    ,30/10/1985   , 38 ,Milano          ,RKIJNFHZJVJDBFZK ,  1980
Micheletto   ,Roth         ,10/10/1924   , 99 ,Milano          ,5VGF2IROUH191I5F ,  1920
Ermenegildo  ,Bragaglia    ,01/11/1953   , 70 ,Milano          ,NTMLFOY10WVB2QI0 ,  1950
Alessia      ,Micca        ,22/10/2000   , 23 ,Milano          ,MYFGDSRRSSBYSONV ,  2000
Rosaria      ,Combi        ,06/11/1986   , 37 ,Milano          ,6ZOZ31WIG4DDGTSP ,  1980
Ugolino      ,Ricolfi      ,25/06/1978   , 45 ,Milano          ,ZFK1WJP94V6YTSL2 ,  1970
Vincenza     ,Storladi     ,11/08/1939   , 84 ,Milano          ,T294QVDW49WHHIYW ,  1930
Angelica     ,Quasimodo    ,31/07/1994   , 29 ,Milano          ,QN2VO0NG7OD5JX2Z ,  1990
Margherita   ,Ungaretti    ,10/02/1971   , 52 ,Milano          ,RLMWFJTG880BY6LW ,  1970
Lolita       ,Zacco        ,09/10/1991   , 32 ,Milano          ,E4OC8WK6K5WNGQUD ,  1990
Graziella    ,Porcellato   ,16/12/1999   , 23 ,Milano          ,TFOAY54MXLD8JMF6 ,  1990
Ninetta      ,Piccio       ,22/03/1947   , 76 ,Milano          ,F42WYOFZ5MDW50F2 ,  1940
Costanzo     ,Gagliano     ,23/02/2000   , 23 ,Milano          ,NADBUZPEHEJNQJIC ,  2000
Marcello     ,Detti        ,28/12/1951   , 71 ,Milano          ,HWWYNGLCMHDICVIZ ,  1950
Ruggiero     ,Filangieri   ,02/05/2022   ,  1 ,Milano          ,UB4PH0J4HQ2LOBIQ ,  2020
Francesco    ,Garzoni      ,28/01/1936   , 87 ,Milano          ,XL20J94KNLE320PO ,  1930
Griselda     ,Babato       ,23/04/2012   , 11 ,Milano          ,X76ILZNUZP1YQ5XI ,  2010
Arnaldo      ,Ricci        ,19/01/1928   , 95 ,Milano          ,12N09JXGYUUE51TQ ,  1920
Puccio       ,Mattarella   ,21/08/1949   , 74 ,Milano          ,F4Z2SUNE7EROYB10 ,  1940
Ciro         ,Anastasi     ,28/07/1976   , 47 ,Milano          ,PSUFOJFHQRI1HBBB ,  1970
Sonia        ,Duse         ,13/02/1982   , 41 ,Milano          ,Y67SY4KIDO3UQ4FC ,  1980
Piergiorgio  ,Campise      ,06/08/1963   , 60 ,Milano          ,17YATCNY5KGQD9ET ,  1960
Fiorenzo     ,Verdi        ,12/03/1934   , 89 ,Milano          ,84M7CH2UNNLJOOOK ,  1930
Salvi        ,Zampa        ,30/03/1949   , 74 ,Milano          ,1H0FA6NFHTOGD0ZZ ,  1940
Ludovico     ,Spadafora    ,26/04/1952   , 71 ,Milano          ,OVVF7VIQT0QFKN2X ,  1950
Fiamma       ,Santoro      ,21/06/1999   , 24 ,Milano          ,GOZTV4D7TTOW69RH ,  1990
Carolina     ,Gaggini      ,25/10/2014   ,  9 ,Milano          ,W89UB50QZVW3PJKF ,  2010
Nadia        ,Ceschi       ,02/07/1983   , 40 ,Milano          ,2JRVURCIZRMDVRET ,  1980
Lauretta     ,Valmarana    ,17/07/1927   , 96 ,Milano          ,RMWHQF08AHF2LIGP ,  1920
Daniele      ,Loredan      ,03/03/2003   , 20 ,Milano          ,2I8K6C25M49BF2NP ,  2000
Teresa       ,Michelangeli ,16/07/1954   , 69 ,Milano          ,SD5TEIW6H0OGKYPJ ,  1950
Umberto      ,Chinnici     ,18/12/1957   , 65 ,Milano          ,KEGNPU2OT3AG2A88 ,  1950
Piergiorgio  ,Ammaniti     ,24/12/1976   , 46 ,Milano          ,RASKTUKP5ZAR548M ,  1970
Gioele       ,Soderini     ,20/11/1948   , 75 ,Milano          ,FDG7WEB7IFGCCVVI ,  1940
Pierluigi    ,Pacetti      ,08/12/2015   ,  7 ,Milano          ,28APUM0CAWEUDH4U ,  2010
Rosa         ,Ritacca      ,05/05/1940   , 83 ,Milano          ,IJLQATN3UBO7ZUE7 ,  1940
Lina         ,Valguarnera  ,15/06/1965   , 58 ,Milano          ,138CIBW9LRXE0UTT ,  1960
Camilla      ,Palumbo      ,12/12/1952   , 70 ,Milano          ,HATJXDBAEOPSLENF ,  1950
Zaira        ,Petruzzi     ,12/12/1975   , 47 ,Milano          ,H6P2H8AY83WA9AZE ,  1970
Nina         ,Morabito     ,11/05/1981   , 42 ,Milano          ,KN6CMQU0I1LJFDAB ,  1980
Corrado      ,Muti         ,02/09/1986   , 37 ,Milano          ,8HEV2DE8MEJJW5N0 ,  1980
Giuseppina   ,Pausini      ,06/02/1977   , 46 ,Milano          ,FGSSPHDVES4D7ALI ,  1970
Evangelista  ,Villarosa    ,19/01/1965   , 58 ,Milano          ,5Y17NSIPRYUXXDBA ,  1960
Edoardo      ,Caruso       ,01/06/1987   , 36 ,Milano          ,5BYBU75J5LHAUJ5L ,  1980
Antonella    ,Golgi        ,24/04/1964   , 59 ,Milano          ,JBAMWGICJZERTVXH ,  1960
Raffaele     ,Pacomio      ,19/10/2001   , 22 ,Milano          ,Y2XXW1FV3X774S49 ,  2000
Adelmo       ,Modugno      ,06/10/2002   , 21 ,Milano          ,IUHR00W3JUSXO6FM ,  2000
Giuseppe     ,Toso         ,16/03/1953   , 70 ,Milano          ,H9P8GCBCD0TZDUSW ,  1950
Graziano     ,Capone       ,25/02/1961   , 62 ,Milano          ,K93BLLLOCGFTYBL9 ,  1960
Gilberto     ,Piane        ,02/11/1986   , 37 ,Milano          ,ZTAXETDRXK19NAVI ,  1980
Rosina       ,Iannelli     ,11/09/1939   , 84 ,Milano          ,TJ6KEXE1YGJL792I ,  1930
Lorenzo      ,Gentili      ,27/08/1993   , 30 ,Milano          ,KGRB7G1DK0U2LDRV ,  1990
Fabrizio     ,Cendron      ,11/02/1962   , 61 ,Milano          ,I51IRR2SVWICYM48 ,  1960
Osvaldo      ,Bosurgi      ,24/01/1983   , 40 ,Milano          ,5B532LART7PSK6AT ,  1980
Melissa      ,Leonetti     ,10/12/1937   , 85 ,Milano          ,70JA5BL7WRXOJB3R ,  1930
Ninetta      ,Zecchini     ,12/10/1990   , 33 ,Milano          ,PROSTLRM7GXM8EAF ,  1990
Loredana     ,Gentilini    ,19/05/1959   , 64 ,Milano          ,901NWQASEWA1TLPB ,  1950
Greco        ,Marconi      ,27/03/1971   , 52 ,Milano          ,4J25MV86IUA93UTX ,  1970
Jacopo       ,Casadei      ,25/06/1965   , 58 ,Milano          ,T3ZTY74HO43ZI60S ,  1960
Dino         ,Stoppani     ,21/08/1971   , 52 ,Milano          ,I41ETVSTWRKY3MY2 ,  1970
Baldassare   ,Boccaccio    ,03/06/1993   , 30 ,Milano          ,QL718FVKG1HPL2FW ,  1990
Raimondo     ,Treccani     ,20/10/1955   , 68 ,Milano          ,PAAOUGVCAEJNHRLA ,  1950
Leopoldo     ,Brichese     ,27/02/1989   , 34 ,Milano          ,DLF2439E8YE0EDYI ,  1980
Adele        ,Bixio        ,06/01/1930   , 93 ,Milano          ,86GLWU6UW8GAL8XQ ,  1930
Massimo      ,Treves       ,30/12/1953   , 69 ,Milano          ,LAFFMUCSNRAYCKDR ,  1950
Letizia      ,Geraci       ,20/06/1998   , 25 ,Milano          ,IE4HJ3OY36TI4VUF ,  1990
Zaira        ,Casalodi     ,27/03/1929   , 94 ,Milano          ,VM1QIY74M23AFNZN ,  1920
Sole         ,Sordi        ,26/01/1986   , 37 ,Milano          ,TD591TV12PEIAT2E ,  1980
Fabio        ,Sraffa       ,21/07/1926   , 97 ,Milano          ,PSJB86RBUOTPB6CH ,  1920
Napoleone    ,Comisso      ,13/02/1971   , 52 ,Milano          ,UYKQXY4683MJ7DOS ,  1970
Valeria      ,Spallanzani  ,16/10/2012   , 11 ,Milano          ,U8CEJ0V32T4UTBLS ,  2010
Annalisa     ,Agazzi       ,03/01/1925   , 98 ,Milano          ,C0ITT30RDDHDE70F ,  1920
Rocco        ,Pennetta     ,24/08/1976   , 47 ,Milano          ,23EVJ0YG1BBK10QW ,  1970
Alessandro   ,Maderno      ,22/08/1930   , 93 ,Milano          ,1H5VCVIPHFJDF960 ,  1930
Alessia      ,Fabbri       ,26/08/2010   , 13 ,Milano          ,TE3HNGOJWF68YJLV ,  2010
Giuseppina   ,Manzoni      ,31/07/1992   , 31 ,Milano          ,ZW53ZGR5OCDZ1II4 ,  1990
Graziano     ,Borrani      ,22/02/1998   , 25 ,Milano          ,GQGI5A9FUPN9YO4L ,  1990
Gioacchino   ,Morabito     ,08/11/1990   , 33 ,Milano          ,5PMPM6STWTPCECJQ ,  1990
Gioffre      ,Broschi      ,22/08/1924   , 99 ,Milano          ,9URKT1DX0GILWX07 ,  1920
Napoleone    ,Valmarana    ,11/02/1928   , 95 ,Milano          ,4TXTQE4DOD37L5K7 ,  1920
Puccio       ,Pederiva     ,16/01/1986   , 37 ,Milano          ,5A1BNIFQ129JBAKE ,  1980
Venancio     ,Argentero    ,25/11/2023   ,  0 ,Milano          ,CP05LHJXK2WGVF4J ,  2020
Annalisa     ,Cimini       ,03/04/2011   , 12 ,Milano          ,OLDQEQT6XCC7LW9G ,  2010
Ruggiero     ,Stein        ,02/12/1993   , 30 ,Milano          ,1LYQMK99KFT1AFQG ,  1990
Pier         ,Vespa        ,28/08/1996   , 27 ,Milano          ,Z189WOU7X8Z2Q536 ,  1990
Ugo          ,Bajardi      ,26/08/1946   , 77 ,Milano          ,CULHE1ARCP9WSGM7 ,  1940
Edoardo      ,Sagredo      ,09/02/1999   , 24 ,Milano          ,YM76311J5FKPA8OV ,  1990
Giulio       ,Castelli     ,09/10/1952   , 71 ,Milano          ,8H1S8CDL9MEJMLEC ,  1950
Raffaella    ,Prati        ,16/07/1934   , 89 ,Milano          ,LYSRMU64O09ZD7ZK ,  1930
Renata       ,Pugliese     ,21/01/1970   , 53 ,Milano          ,A3NLU7SIQN3AE8U0 ,  1970
Lara         ,Carosone     ,29/12/1956   , 66 ,Milano          ,D7I1O65U42X0Z534 ,  1950
Antonina     ,Fanucci      ,24/10/1940   , 83 ,Milano          ,9XLBJ32FJFTBGJ0E ,  1940
Gilberto     ,Mercantini   ,21/02/1966   , 57 ,Milano          ,3A2UCUV3TN01G404 ,  1960
Annamaria    ,Offredi      ,28/08/2013   , 10 ,Milano          ,N776YQP5RQ44O9FO ,  2010
Agostino     ,Saraceno     ,01/07/1967   , 56 ,Milano          ,OB23HVK8M40F9UPC ,  1960
Michelangelo ,Saraceno     ,11/09/1968   , 55 ,Milano          ,QZB0ACANJ734D8LY ,  1960
Leopoldo     ,Marino       ,01/11/1994   , 29 ,Milano          ,LF0VK22JJ1LQDQT7 ,  1990
Giosuè       ,Bacosi       ,18/05/1976   , 47 ,Milano          ,8MB7VBC6H3ECCURT ,  1970
Camillo      ,Scotto       ,29/11/1936   , 87 ,Milano          ,QPO0YW6LKPB59NRI ,  1930
Geronimo     ,Belletini    ,23/12/2014   ,  8 ,Milano          ,H8KB3MRSF8ITO0JM ,  2010
Torquato     ,Cociarelli   ,19/05/1968   , 55 ,Milano          ,Z5CU41WEE3OP98CR ,  1960
Angelo       ,Lollobrigida ,17/11/2002   , 21 ,Milano          ,YP0VU7LI24YB6ZL8 ,  2000
Giorgia      ,Baglioni     ,10/11/1962   , 61 ,Milano          ,AUVGXNRGBFGQZNKN ,  1960
Etta         ,Angeli       ,17/08/2004   , 19 ,Milano          ,ZXXXE7PMML7CUJDT ,  2000
Fernanda     ,Foletti      ,04/12/1962   , 61 ,Milano          ,MN8T3YX81QQ3532L ,  1960
Ernesto      ,Monicelli    ,31/12/1945   , 77 ,Milano          ,CGF0CY4VHX2LK8RK ,  1940
Telemaco     ,Lamborghini  ,09/08/1943   , 80 ,Milano          ,DJBJ1F8B10BDPB2J ,  1940
Vincenza     ,Solari       ,09/12/2017   ,  5 ,Milano          ,F13JUC0435JRWEOL ,  2010
Alessandra   ,Zamorani     ,12/08/1982   , 41 ,Milano          ,O4WBQSCC3J5K7227 ,  1980
Berenice     ,Ortolani     ,22/12/1928   , 94 ,Milano          ,2AXWWBOTFH7DZINK ,  1920
Gilberto     ,Travia       ,22/10/1962   , 61 ,Milano          ,7SBG51VSMRRSCXJF ,  1960
Ninetta      ,Grifeo       ,21/05/1947   , 76 ,Milano          ,IW0OENXGVMNZ93G9 ,  1940
Arsenio      ,Bonino       ,16/06/1932   , 91 ,Milano          ,4G36AH8CQ9XDXUP1 ,  1930
Giovanni     ,Guinizzelli  ,30/08/1942   , 81 ,Milano          ,HZTHWQNMX2NG06LD ,  1940
Melina       ,Gagliano     ,10/09/1929   , 94 ,Milano          ,5GYNBYP3IGM26UWG ,  1920
Pompeo       ,Trupiano     ,06/10/1987   , 36 ,Milano          ,AI26HEO4U3CJAQ0Q ,  1980
Pier         ,Berlusconi   ,28/04/1941   , 82 ,Milano          ,BWCZCFLBTTHEYRKA ,  1940
Maurizio     ,Renault      ,13/01/1985   , 38 ,Milano          ,RSK8HFWL75QRKSM0 ,  1980
Enrico       ,Mattarella   ,17/03/1985   , 38 ,Milano          ,EQPSKSX4LZM3GUI8 ,  1980
Riccardo     ,Toscanini    ,11/06/1994   , 29 ,Milano          ,UBYSHPHNVES4H5PY ,  1990
Sonia        ,Romiti       ,06/03/1975   , 48 ,Milano          ,7233LL4ROKIXZVFV ,  1970
Goffredo     ,Pellegrini   ,03/06/1952   , 71 ,Milano          ,7G6LTNVQAD3XJ167 ,  1950
Venancio     ,Schiaparelli ,08/09/2011   , 12 ,Milano          ,TSK1PVWQ8BEYNJWL ,  2010
Ludovico     ,Saffi        ,13/04/1959   , 64 ,Milano          ,F9HTQ3ITPIQIMJSY ,  1950
Nadia        ,Sgarbi       ,18/10/1969   , 54 ,Milano          ,2G08CM2OYK74QP6G ,  1960
Piergiorgio  ,Sobrero      ,22/02/1987   , 36 ,Milano          ,UXFHKPUR20YTOWOZ ,  1980
Caterina     ,Tamburello   ,30/07/1975   , 48 ,Milano          ,LXUX664MTOWO2ZZ8 ,  1970
Filippa      ,Canevascini  ,31/07/2019   ,  4 ,Milano          ,SLCRZ0AT8DOVZNOS ,  2010
Giampaolo    ,Cainero      ,29/05/2019   ,  4 ,Milano          ,JERRHAUAZAWNFGYC ,  2010
Carla        ,Morandi      ,29/11/2016   ,  7 ,Milano          ,TMKNQLEZ68XWZAKW ,  2010
Paola        ,Mantegazza   ,05/05/2017   ,  6 ,Milano          ,GEVSTR5EIV4UNMMH ,  2010
Matilda      ,Marrone      ,20/01/1982   , 41 ,Milano          ,26MOHAQW90I2GFU6 ,  1980
Orazio       ,Panicucci    ,26/12/1972   , 50 ,Milano          ,VZLBUWUZSFUHYVO6 ,  1970
Paulina      ,Sgalambro    ,13/05/1994   , 29 ,Milano          ,0V7TV2L80GD9IAV1 ,  1990
Leopoldo     ,Paganini     ,11/07/1945   , 78 ,Milano          ,3CRL6XQOMMWSSQBA ,  1940
Martina      ,Letta        ,27/07/1950   , 73 ,Milano          ,35CJKKR5P4UMFCS2 ,  1950
Amedeo       ,Tomaselli    ,17/05/1928   , 95 ,Milano          ,RXICM76UX6YC9VNA ,  1920
Marisa       ,Marconi      ,10/04/1940   , 83 ,Milano          ,ZC1DOSBC59F4V89S ,  1940
Giacomo      ,Gianvecchio  ,21/05/1924   , 99 ,Milano          ,FX8H0YGMB1O6YDNU ,  1920
Massimo      ,Gianvecchio  ,01/06/1989   , 34 ,Milano          ,DSTYCI1ZSBANHY7W ,  1980
Antonia      ,Morucci      ,11/01/1938   , 85 ,Milano          ,LK6AIS0CDKQAJVSM ,  1930
Piero        ,Crespi       ,12/08/2002   , 21 ,Milano          ,EFK9PL15F74NHR5H ,  2000
Melina       ,Scarpa       ,02/01/1992   , 31 ,Milano          ,3V1RL9IYLASZ4SAL ,  1990
Ranieri      ,Tencalla     ,31/12/2020   ,  2 ,Milano          ,V89ZF1EMC4SZBGHR ,  2020
Gianpietro   ,Trobbiani    ,16/08/1963   , 60 ,Milano          ,DUD9202K4HELZE7C ,  1960
Vanessa      ,Barcella     ,28/01/2016   ,  7 ,Milano          ,YS2TYFKTWV1YL89K ,  2010
Nina         ,Bixio        ,04/05/1969   , 54 ,Milano          ,NCT4ITVEPDMVX0Z7 ,  1960
Anita        ,Rocca        ,04/12/1957   , 66 ,Milano          ,5QHR4QB0AKSWP98K ,  1950
Stefani      ,Scaduto      ,24/03/1934   , 89 ,Milano          ,NMQIGKQFY2JFUJMQ ,  1930
Liliana      ,Fabrizi      ,22/03/2012   , 11 ,Milano          ,5DMA09RBOABDKBL5 ,  2010
Arsenio      ,Giannone     ,04/06/2003   , 20 ,Milano          ,BZIO8MTY3TBJYMSZ ,  2000
Sylvia       ,Platini      ,08/04/1956   , 67 ,Milano          ,I1P1OK54QNQVIWPQ ,  1950
Luca         ,Mogherini    ,17/07/1969   , 54 ,Milano          ,IAL9XFXPGP69RZ2X ,  1960
Liana        ,Grifeo       ,28/06/1956   , 67 ,Milano          ,B5KEXTTSHVARAUI4 ,  1950
Toni         ,Balla        ,18/11/1926   , 97 ,Milano          ,BX7YCXCFXYBU6WXH ,  1920
Luchino      ,Romano       ,06/06/1928   , 95 ,Milano          ,F5I4AVLKVI0GTYL8 ,  1920
Antonello    ,Catalano     ,04/11/1960   , 63 ,Milano          ,HPUA21K3PP6L31HK ,  1960
Flavia       ,Ceri         ,10/12/1944   , 78 ,Milano          ,WJ8HI2VPA3MTLG7R ,  1940
Giuliano     ,Ariasso      ,31/05/1976   , 47 ,Milano          ,4OXDBV089UQZW67Y ,  1970
Benito       ,Sibilia      ,06/10/1942   , 81 ,Milano          ,R11CBHHPBYKEZ3W9 ,  1940
Adamo        ,Pedersoli    ,24/02/1944   , 79 ,Milano          ,L1M0CTXYIPBA0DPZ ,  1940
Alfredo      ,Gori         ,22/03/1991   , 32 ,Milano          ,O55G6BDDMLAHTN6J ,  1990
Guglielmo    ,Brenna       ,05/07/1997   , 26 ,Milano          ,AQ2JCKE7AC5GYLR0 ,  1990
Galasso      ,Moccia       ,15/03/1955   , 68 ,Milano          ,JUX6BE9M2LXDZ4FF ,  1950
Ronaldo      ,Bonolis      ,09/12/2009   , 13 ,Milano          ,V1JKV5PG2V48D3W4 ,  2000
Laureano     ,Meucci       ,12/06/1949   , 74 ,Milano          ,VYGISAIAOKOANVXF ,  1940
Alina        ,Gualandi     ,15/05/1958   , 65 ,Milano          ,VMHBYCOUYBDNZLIB ,  1950
Bartolomeo   ,Piane        ,14/03/1995   , 28 ,Milano          ,MNNIQVK1YOGEWB9Y ,  1990
Amalia       ,Gargallo     ,12/06/1928   , 95 ,Milano          ,KVIVO792430D37S6 ,  1920
Sebastiano   ,Antonelli    ,09/05/2017   ,  6 ,Milano          ,B3RVLVVFSGXBMV9D ,  2010
Alfredo      ,Pace         ,25/03/1931   , 92 ,Milano          ,OLZ4EY37MJ1OUZK1 ,  1930
Evangelista  ,Bertolucci   ,22/01/1970   , 53 ,Milano          ,1LR8UDSN7TGB8FXO ,  1970
Calogero     ,Bresciani    ,29/05/1996   , 27 ,Milano          ,ZPGKOU4Q9MN3N0UX ,  1990
Pierpaolo    ,Barcaccia    ,28/09/1928   , 95 ,Milano          ,MYMDFMXJMEZB0K6Y ,  1920
Diana        ,Errigo       ,04/11/2004   , 19 ,Milano          ,ST4FIDYG14N1B57B ,  2000
Ruggero      ,Giannuzzi    ,27/10/2021   ,  2 ,Milano          ,TOCX18F84CV0XA3I ,  2020
Barbara      ,Cannizzaro   ,07/01/1970   , 53 ,Milano          ,J9OGK4J9VZD76992 ,  1970
Emma         ,Fittipaldi   ,21/10/1935   , 88 ,Milano          ,S9B2VX5I7RA4I5HE ,  1930
Fortunata    ,Verri        ,21/02/1932   , 91 ,Milano          ,AG3U86L0K6ZAZPC8 ,  1930
Roberta      ,Bartoli      ,12/11/1933   , 90 ,Milano          ,6665BIJRI3GPXQ6U ,  1930
Ennio        ,Mantegazza   ,28/06/2000   , 23 ,Milano          ,BYKUULJE4K06BIWN ,  2000
Marcello     ,Cipolla      ,16/05/1965   , 58 ,Milano          ,19NYAC3CN2C4M20Y ,  1960
Tiziana      ,Barberini    ,10/11/2015   ,  8 ,Milano          ,7KIQM7N8UCODWSUV ,  2010
Ramona       ,Mocenigo     ,13/01/1968   , 55 ,Milano          ,PSC7M70TYLR28XMX ,  1960
Marisa       ,Eco          ,16/09/1931   , 92 ,Milano          ,PTYFOSITSUWL1HR6 ,  1930
Eugenia      ,Sanudo       ,30/08/1966   , 57 ,Milano          ,K95CMSIYNXUB7MA7 ,  1960
Melina       ,Gonzaga      ,07/06/1999   , 24 ,Milano          ,B9IBHELV8OAZOL96 ,  1990
Angelina     ,Abba         ,16/11/2006   , 17 ,Milano          ,HE4VY2KQCLINHIAG ,  2000
Fabio        ,Einaudi      ,07/12/1927   , 95 ,Milano          ,FG6F6SMYW0N9U4SH ,  1920
Victoria     ,Sanudo       ,10/01/1942   , 81 ,Milano          ,G8P1A8OCHBPCUMBU ,  1940
Cirillo      ,Vercelloni   ,19/12/1972   , 50 ,Milano          ,SJR9I8MBYA2HAGKF ,  1970
Baldassare   ,Rensi        ,18/10/1936   , 87 ,Milano          ,V0O8GQ2L01IN9ZN5 ,  1930
Fernanda     ,Dovara       ,18/01/2011   , 12 ,Milano          ,XK4TX6QLY6JH3RQ0 ,  2010
Camilla      ,Ferrara      ,19/05/2017   ,  6 ,Milano          ,HLRUR28AI4XOE4LD ,  2010
Beatrice     ,Trapanese    ,09/12/1955   , 67 ,Milano          ,ALODJUAAFWQQUYZF ,  1950
Gianpaolo    ,Gozzi        ,15/06/1967   , 56 ,Milano          ,TBGJBA2583RSKB08 ,  1960
Virginia     ,Samele       ,01/09/1979   , 44 ,Milano          ,JN19Q5RY71Y25CUS ,  1970
Adele        ,Soffici      ,12/07/1952   , 71 ,Milano          ,GLV2IDOSPKAYZBYI ,  1950
Ermanno      ,Omma         ,26/01/1978   , 45 ,Milano          ,31TROFKDDEGD8UM0 ,  1970
Martino      ,Petralli     ,08/02/1944   , 79 ,Milano          ,IT364MFZ1VYWRF0L ,  1940
Marcello     ,Cagnin       ,23/08/1953   , 70 ,Milano          ,YCCL9NIIPCWADU0P ,  1950
Chiara       ,Mocenigo     ,23/02/1968   , 55 ,Milano          ,9Y9FPUKD3RWDA797 ,  1960
Alfio        ,Manzoni      ,04/06/1984   , 39 ,Milano          ,OZYIVOY7EVTGUC2G ,  1980
Filippo      ,Morandi      ,30/07/1977   , 46 ,Milano          ,4KYEOU4ND4BUUMPV ,  1970
Luigina      ,Guicciardini ,29/01/1950   , 73 ,Milano          ,SHABW0PWUHAEEI6T ,  1950
Fabio        ,Strangio     ,01/03/1947   , 76 ,Milano          ,C9B7ATTAK5KISH7I ,  1940
Antonietta   ,Chittolini   ,12/11/1935   , 88 ,Milano          ,KWENXDZHWG61K371 ,  1930
Nico         ,Sraffa       ,18/04/2002   , 21 ,Milano          ,4V0QB4Q7F8N1QB7Z ,  2000
Amanda       ,Monti        ,18/11/1933   , 90 ,Milano          ,T0JL5Y2RDHLLGQBM ,  1930
Pierangelo   ,Innocenti    ,28/03/1997   , 26 ,Milano          ,N005AVZFSCTD5D9E ,  1990
Benvenuto    ,Seddio       ,10/11/1948   , 75 ,Milano          ,CJ5FI84IE8ML1R3I ,  1940
Evangelista  ,Iadanza      ,08/06/1952   , 71 ,Milano          ,SGHAY4C621G1NL75 ,  1950
Sole         ,Aloisio      ,22/07/1997   , 26 ,Milano          ,XNFKUXAPWEOEWTBY ,  1990
Aldo         ,Bacosi       ,30/11/1989   , 34 ,Milano          ,34NF6I7F8NR1BBUC ,  1980
Pierluigi    ,Brambilla    ,20/02/1998   , 25 ,Milano          ,ADPZVP4ZGDCQ75ON ,  1990
Eva          ,Simeoni      ,29/06/1975   , 48 ,Milano          ,GXGUNOZBALYZKUIH ,  1970
Salvatore    ,Antonello    ,06/11/2009   , 14 ,Milano          ,KSK4RJE2IB4LOKQI ,  2000
Gilberto     ,Alfonsi      ,03/03/1936   , 87 ,Milano          ,G4APRSNNA594B7PH ,  1930
Patrizia     ,Pisaroni     ,22/06/1988   , 35 ,Milano          ,ZMUJIGLMBSAQEE7O ,  1980
Isa          ,Infantino    ,25/10/1935   , 88 ,Milano          ,WGEP82HFEFPL12RI ,  1930
Fabia        ,Piane        ,04/09/1997   , 26 ,Milano          ,LFN4LVH7UB4N823L ,  1990
Ennio        ,Boaga        ,12/11/1959   , 64 ,Milano          ,NS5AFCPX2TEHZ0QR ,  1950
Calcedonio   ,Murialdo     ,11/06/1991   , 32 ,Milano          ,6MWD6GNG7FJNZ26H ,  1990
Stella       ,Bettoni      ,20/04/1994   , 29 ,Milano          ,JHSCOFHMXNBGCZIW ,  1990
Amleto       ,Salvo        ,06/01/1990   , 33 ,Milano          ,7O6IW0ADNI8UHFCX ,  1990
Pierangelo   ,Crespi       ,20/02/1946   , 77 ,Milano          ,B3PBG31OY1LR951V ,  1940
Marta        ,Ferrazzi     ,14/02/2007   , 16 ,Milano          ,2GKYAC3IZYA52AA6 ,  2000
Serena       ,Camilleri    ,30/12/1947   , 75 ,Milano          ,QFGPYU2C2J44K4A9 ,  1940
Isabella     ,Filzi        ,12/10/1975   , 48 ,Milano          ,S42OTWE5CB80WKA0 ,  1970
Marisa       ,Tedesco      ,02/06/1991   , 32 ,Milano          ,XSE9KS183RTQRJMJ ,  1990
Orlando      ,Liguori      ,06/05/1947   , 76 ,Milano          ,4LJI9CSERHJVNDM8 ,  1940
Bartolomeo   ,Monte        ,22/10/1986   , 37 ,Milano          ,5J0909SG0C42C400 ,  1980
Eliana       ,Mengolo      ,30/08/1952   , 71 ,Milano          ,QX098ZYG3KEEK5DO ,  1950
Liberto      ,Peano        ,15/02/1941   , 82 ,Milano          ,EMPBJUNJNRXDOQSN ,  1940
Angelica     ,Scarpetta    ,01/12/2004   , 19 ,Milano          ,G9ZJQR0C7H2Z2EA4 ,  2000
Coluccio     ,Venier       ,10/04/1979   , 44 ,Milano          ,U48T090UBFWGO85E ,  1970
Maria        ,Morucci      ,06/10/1956   , 67 ,Milano          ,74991KOPZDJ88KGT ,  1950
Loretta      ,Paoletti     ,03/07/1982   , 41 ,Milano          ,IM4BCUX29VYMMA0S ,  1980
Silvio       ,Franscini    ,11/07/1926   , 97 ,Milano          ,CDPSDJQGPIQPODWJ ,  1920
Osvaldo      ,Gradenigo    ,21/12/1936   , 86 ,Milano          ,25HQVMOX8W6ATS6Q ,  1930
Paola        ,Guinizzelli  ,13/07/1963   , 60 ,Milano          ,1RNEOS61KCG2F43G ,  1960
Loredana     ,Greco        ,04/07/2021   ,  2 ,Milano          ,QS2DEDZOD4E44HVN ,  2020
Pina         ,Fagiani      ,05/01/1975   , 48 ,Milano          ,3KJUNU1Y8BS97SGL ,  1970
Livia        ,Pedrazzini   ,22/08/1931   , 92 ,Milano          ,1L449WT96FO0DJTY ,  1930
Gino         ,Iannelli     ,13/06/2000   , 23 ,Milano          ,M7GIB82JMUI4YGLF ,  2000
Paola        ,Tonisto      ,02/02/2002   , 21 ,Milano          ,C7P44E5C829YIG32 ,  2000
Cristina     ,Rosiello     ,05/06/2001   , 22 ,Milano          ,EHQH56LYHY2FIC89 ,  2000
Annetta      ,Saragat      ,28/11/1980   , 43 ,Milano          ,YZD9ICJ80QMZ1I8O ,  1980
Silvia       ,Galtarossa   ,09/07/1993   , 30 ,Milano          ,I57WGH418SGFPT0W ,  1990
Griselda     ,Pasqua       ,01/05/1945   , 78 ,Milano          ,9NMSXJO6K0CK47D7 ,  1940
Gabriele     ,Mastroianni  ,16/03/1997   , 26 ,Milano          ,88Y8BBB6TEHCPHTK ,  1990
Benedetto    ,Pasolini     ,24/07/2005   , 18 ,Milano          ,UTTQHBPEAG9FSYHI ,  2000
Girolamo     ,Benussi      ,11/12/1999   , 23 ,Milano          ,L0VBBWPD7983JAPB ,  1990
Jacopo       ,Emanuelli    ,28/04/1959   , 64 ,Milano          ,R60EPDYT9F6RN2PV ,  1950
Paolo        ,Impastato    ,23/01/1983   , 40 ,Milano          ,9QHNUIBDJ800WR4V ,  1980
Livia        ,Littizzetto  ,08/11/1986   , 37 ,Milano          ,K90030TO1BO1SBS6 ,  1980
Fabio        ,Vitturi      ,07/01/2014   ,  9 ,Milano          ,INV2VDAZFOSGZUQC ,  2010
Mariana      ,Contarini    ,17/10/1934   , 89 ,Milano          ,R6A1JEEGCQKLW1UH ,  1930
Camilla      ,Mortati      ,03/05/2007   , 16 ,Milano          ,VZGPBCCTTJZEUKTA ,  2000
Giovanni     ,Mondadori    ,09/08/1976   , 47 ,Milano          ,TBLHE4H96E7CGHH7 ,  1970
Angelica     ,Nicolini     ,02/11/1959   , 64 ,Milano          ,DKY8Y3MXMZOC4NG0 ,  1950
Paoletta     ,Zaguri       ,12/07/1969   , 54 ,Milano          ,IDRFRHHFCPSAQJXA ,  1960
Maura        ,Florio       ,06/04/1925   , 98 ,Milano          ,VW0MQP3ICDZ765LX ,  1920
Maria        ,Casalodi     ,28/12/1945   , 77 ,Milano          ,IQJULXVTJ3LW65HA ,  1940
Donna        ,Gagliano     ,25/03/1989   , 34 ,Milano          ,1BALRX0CUJEHF38J ,  1980
Cassandra    ,Pedrazzini   ,14/01/1990   , 33 ,Milano          ,ODB5SPOYUSHSZMA9 ,  1990
Jacopo       ,Filogamo     ,08/06/1973   , 50 ,Milano          ,8F6J2774C9UJR61U ,  1970
Francesco    ,Foscari      ,08/04/2019   ,  4 ,Milano          ,8PC3IY67B1ZNVGH6 ,  2010
Pomponio     ,Sagese       ,22/01/1972   , 51 ,Milano          ,1Y1KTCVE9ZHRQCVH ,  1970
Rita         ,Borsellino   ,16/05/1955   , 68 ,Milano          ,DEXQAY1H2SHDZGZ6 ,  1950
Ruggero      ,Palladio     ,19/09/2008   , 15 ,Milano          ,6M5V0QWPZHD5AM8U ,  2000
Sebastiano   ,Dossetti     ,24/11/1949   , 74 ,Milano          ,Q6QWO4YKKULU206S ,  1940
Rosa         ,Roth         ,22/05/1984   , 39 ,Milano          ,GPMKY4607HQ0TVHU ,  1980
Bartolomeo   ,Bonomo       ,17/04/1994   , 29 ,Milano          ,CL95YS2MJQRPLZ38 ,  1990
Laureano     ,Cabibbo      ,10/02/2006   , 17 ,Milano          ,EJGCJ99NIID9B3MM ,  2000
Licia        ,Venier       ,25/06/2002   , 21 ,Milano          ,DZ1AQ621V2PM5EGP ,  2000
Nico         ,Chittolini   ,20/05/1962   , 61 ,Milano          ,3BGA17D89T2HWW7H ,  1960
Pasqual      ,Camicione    ,29/11/1929   , 94 ,Milano          ,UVSABEGPOCTYRRTC ,  1920
Romana       ,Mezzetta     ,29/10/1927   , 96 ,Milano          ,6D7QK4Y5W7SHDR3X ,  1920
Sandra       ,Tafuri       ,05/08/1996   , 27 ,Milano          ,YOSIQNKYYNFN6BGY ,  1990
Ludovica     ,Goldoni      ,07/02/2020   ,  3 ,Milano          ,5FL2TGM0JCG25NMP ,  2020
Simone       ,Avogadro     ,17/04/1958   , 65 ,Milano          ,UMUIPRMLYSEMZHEH ,  1950
Tonino       ,Pratesi      ,02/02/1968   , 55 ,Milano          ,AJ5Z9PE147YDAQ3F ,  1960
Monica       ,Schiaparelli ,12/07/1996   , 27 ,Milano          ,81PP71BUVKZUUYNL ,  1990
Michela      ,Pareto       ,26/09/1989   , 34 ,Milano          ,SWUGTXHQTEHTQEBE ,  1980
Liberto      ,Merisi       ,28/12/1949   , 73 ,Milano          ,1L4JJ6AK7RYV91WK ,  1940
Fabrizio     ,Comboni      ,10/02/1991   , 32 ,Milano          ,PHTVTTYQMXNHDDCE ,  1990
Piergiuseppe ,Scandone     ,20/06/1954   , 69 ,Milano          ,VA9JW8S8XY0HJUUD ,  1950
Giampiero    ,Antonini     ,11/08/1959   , 64 ,Milano          ,NSD083G2521JW1NN ,  1950
Camillo      ,Cossiga      ,30/11/1977   , 46 ,Milano          ,ZNAPYWMBKXHFKSOQ ,  1970
Viridiana    ,Bellini      ,07/03/1997   , 26 ,Milano          ,ZZ6N09A3YD9CXDDR ,  1990
Michele      ,Fischetti    ,10/02/1939   , 84 ,Milano          ,V4LUOGXY8I7DW8SA ,  1930
Allegra      ,Marconi      ,13/03/1926   , 97 ,Milano          ,02Y64A2P1436TS3G ,  1920
Ranieri      ,Calvo        ,27/09/1986   , 37 ,Milano          ,MTNI8ZP79UKXQ07A ,  1980
Adamo        ,Totino       ,15/06/1926   , 97 ,Milano          ,EIPFDBFDZODZROTU ,  1920
Rosalia      ,Pisacane     ,28/06/1928   , 95 ,Milano          ,8FUJ0J7KAZKGTKWL ,  1920
Gianluca     ,Ciampi       ,24/07/1946   , 77 ,Milano          ,5QTA1VWY360XUEH0 ,  1940
Giancarlo    ,Pertile      ,05/05/1989   , 34 ,Milano          ,57RQLY84DXNPD0QN ,  1980
Danilo       ,Mocenigo     ,25/08/1930   , 93 ,Milano          ,4XPIXMYE661LLVKY ,  1930
Venancio     ,Bottigliero  ,27/03/1930   , 93 ,Milano          ,KA5RAR2TNOPX04E8 ,  1930
Elmo         ,Lamborghini  ,21/02/2021   ,  2 ,Milano          ,O0UB67GI60KJ701F ,  2020
Milena       ,Paruta       ,27/03/1966   , 57 ,Milano          ,92LSPIXAOC8494WQ ,  1960
Leonardo     ,Toscanini    ,07/03/2013   , 10 ,Milano          ,DFJN9HFNLPNDLJD8 ,  2010
Carolina     ,Bosurgi      ,20/08/1945   , 78 ,Milano          ,M9ZB4IL76NX0PX07 ,  1940
Lorenzo      ,Spadafora    ,29/06/1967   , 56 ,Milano          ,GLULPIBY023I6SAR ,  1960
Lara         ,Canali       ,12/10/1959   , 64 ,Milano          ,HQ9KYR06FMI6QS37 ,  1950
Zaira        ,Tebaldi      ,05/09/1941   , 82 ,Milano          ,OWL72ZJVSIFV50UF ,  1940
Vincentio    ,Morgagni     ,09/11/1956   , 67 ,Milano          ,NEUT2MFKG7NS4JAB ,  1950
Gianmarco    ,Fibonacci    ,11/08/2022   ,  1 ,Milano          ,ZHTWALW354HYUP6E ,  2020
Maria        ,Vismara      ,05/09/1998   , 25 ,Milano          ,G07HIDZZUQJPJKYF ,  1990
Margherita   ,Maderna      ,29/03/1962   , 61 ,Milano          ,L9366QI8R93OH0MD ,  1960
Raffaello    ,Bonatti      ,24/11/1964   , 59 ,Milano          ,KQ5F91G0XHXAOG6N ,  1960
Virgilio     ,Ricciardi    ,10/05/1950   , 73 ,Milano          ,82GTOW87ZAUY3ANM ,  1950
Benvenuto    ,Romano       ,04/02/1977   , 46 ,Milano          ,JEWNJC0XJKA3NF6H ,  1970
Nicoletta    ,Cugia        ,06/07/1997   , 26 ,Milano          ,32BGZD1XL68D5BYU ,  1990
Massimo      ,Cendron      ,13/08/1992   , 31 ,Milano          ,ICGIGTJT7YHE1I47 ,  1990
Isabella     ,Greco        ,26/03/1970   , 53 ,Milano          ,KJUDO4UYTEVT0S90 ,  1970
Laureano     ,Benigni      ,10/03/1928   , 95 ,Milano          ,T53P0ETCRBDO8PE7 ,  1920
Paloma       ,Borzomì      ,01/02/2016   ,  7 ,Milano          ,VRUPIWEHIX47QAD7 ,  2010
Fulvio       ,Salandra     ,11/11/1964   , 59 ,Milano          ,AJKPFJORFAEEGMFT ,  1960
Marta        ,Ceci         ,01/01/1963   , 60 ,Milano          ,5VJA7RVF1OI1CM8E ,  1960
Pierluigi    ,Trombetta    ,23/04/1924   , 99 ,Milano          ,A4BAGJUTKW7YADY3 ,  1920
Elvira       ,Comolli      ,24/10/1937   , 86 ,Milano          ,HM5V5KYVDTOPMADK ,  1930
Toni         ,Monicelli    ,28/10/2010   , 13 ,Milano          ,EWAZXRMNGY3L5BYN ,  2010
Gloria       ,Aporti       ,11/05/1975   , 48 ,Milano          ,ORSGSOSPRYADHLBG ,  1970
Maria        ,Parri        ,11/03/1997   , 26 ,Milano          ,FLI999ZCILDZWLSJ ,  1990
Stefano      ,Leonetti     ,21/10/1938   , 85 ,Milano          ,POHLLXIXXDYPMOIA ,  1930
Gabriella    ,Duodo        ,24/12/1956   , 66 ,Milano          ,VC46PJZ4XL3EMOBW ,  1950
Panfilo      ,Turci        ,15/12/2007   , 15 ,Milano          ,OW229J8T2M8N4B8M ,  2000
Rosina       ,Mascheroni   ,03/01/2006   , 17 ,Milano          ,ORHA86JV8MVUSWEE ,  2000
Ennio        ,Sermonti     ,29/08/1948   , 75 ,Milano          ,ZOA3RNY3BHF1TGUM ,  1940
Giovanni     ,Dalla        ,12/03/1926   , 97 ,Milano          ,YYYSUERBITNYHRKY ,  1920
Pierina      ,Petrucci     ,03/08/2004   , 19 ,Milano          ,LNT9OUPU8P1YGSAU ,  2000
Cristina     ,Borromeo     ,14/11/1940   , 83 ,Milano          ,UEU0BDOTFGAXCHN5 ,  1940
Greca        ,Russo        ,18/09/2002   , 21 ,Milano          ,VNJYHR2T91UT0TQO ,  2000
Romolo       ,Eco          ,26/04/1992   , 31 ,Milano          ,W2KW3Z7M6OBRDR8X ,  1990
Maura        ,Pasqua       ,26/10/1940   , 83 ,Milano          ,KWSU5IPQ8MZG235F ,  1940
Pina         ,Ginesio      ,04/11/1931   , 92 ,Milano          ,EC1MR6AM1P0LP0HO ,  1930
Rocco        ,Cherubini    ,13/09/2016   ,  7 ,Milano          ,FPRPSOXCYXXJZFVH ,  2010
Stefania     ,Brichese     ,30/09/1983   , 40 ,Milano          ,NO5LKKIJZALQQCD1 ,  1980
Sandro       ,Semitecolo   ,03/01/1986   , 37 ,Milano          ,CEEOUGUDPQGJVKRD ,  1980
Gianluigi    ,Morosini     ,20/09/1969   , 54 ,Milano          ,VDP7IKGIM3KOUN6U ,  1960
Micheletto   ,Anastasi     ,30/12/1938   , 84 ,Milano          ,AUGSH2EHSVZBZAHF ,  1930
Ottavio      ,Spanevello   ,26/02/1984   , 39 ,Milano          ,JJABQBWZEDGSJLGI ,  1980
Carlo        ,Callegaro    ,25/03/1949   , 74 ,Milano          ,SHPIOTHDSZGBSJXD ,  1940
Evangelista  ,Malatesta    ,13/07/2004   , 19 ,Milano          ,S0QOG70ES3WI4TF2 ,  2000
Fiamma       ,Montanari    ,22/03/1997   , 26 ,Milano          ,K6UY7Z4RZU1FJL3H ,  1990
Toni         ,Raurica      ,22/09/1926   , 97 ,Milano          ,HNPWVNFIFRGWWHKC ,  1920
Stefani      ,Bongiorno    ,06/03/2017   ,  6 ,Milano          ,ONVW0ZZ29MFD8PQ6 ,  2010
Giuseppe     ,Zanzi        ,18/08/1927   , 96 ,Milano          ,PKH444DXG8N5GRHN ,  1920
Sole         ,Capecchi     ,14/12/1932   , 90 ,Milano          ,KYISE6W61UON5OSR ,  1930
Dolores      ,Proietti     ,02/04/1953   , 70 ,Milano          ,P2Q5ORDYYWM0QUV7 ,  1950
Fabrizia     ,Vittadello   ,26/01/1939   , 84 ,Milano          ,DMPU83SJBXSTV8PI ,  1930
Carmelo      ,Ruberto      ,07/08/1947   , 76 ,Milano          ,BEE144Y9M75606ZJ ,  1940
Angelina     ,Visconti     ,22/07/1959   , 64 ,Milano          ,TSXHFQNRKNPS0T1G ,  1950
Annamaria    ,Federico     ,01/07/1997   , 26 ,Milano          ,DDKTIGOFXEKTCIMI ,  1990
Giancarlo    ,Raurica      ,10/06/1964   , 59 ,Milano          ,LG8AI7NR96F910C9 ,  1960
Giulia       ,Vattimo      ,18/12/1950   , 72 ,Milano          ,WBCOS7D8MFSWXW32 ,  1950
Azeglio      ,Pagnotto     ,13/03/1973   , 50 ,Milano          ,9JOELIKDVMSIYY9P ,  1970
Melania      ,Mastroianni  ,26/03/1963   , 60 ,Milano          ,BRX57O1I0I3LJKGO ,  1960
Cecilia      ,Dalla        ,20/01/1955   , 68 ,Milano          ,EOB7XEWHMBGA93CU ,  1950
Lauretta     ,Pacillo      ,28/12/2013   ,  9 ,Milano          ,J4TNHUYKI1LSAII6 ,  2010
Angelina     ,Galtarossa   ,03/01/1979   , 44 ,Milano          ,9HDI5OFYWHZYOJ8I ,  1970
Alessandra   ,Antonello    ,31/08/2021   ,  2 ,Milano          ,ILPEULBC8NZFUUWS ,  2020
Amedeo       ,Bettoni      ,28/03/2001   , 22 ,Milano          ,UHEP8Y4KXTTQDY6W ,  2000
Dolores      ,Cabrini      ,04/01/1981   , 42 ,Milano          ,7L71Q5MWHJT9DWJM ,  1980
Durante      ,Schiavone    ,24/03/1950   , 73 ,Milano          ,NXKYPYCIZ8ZAUA8J ,  1950
Rosina       ,Campano      ,20/08/1992   , 31 ,Milano          ,QNJUOS54QHWZC7J4 ,  1990
Giuliano     ,Faugno       ,23/07/1969   , 54 ,Milano          ,KPEMDF422GO20ZJ8 ,  1960
Flavia       ,Longhena     ,02/02/1996   , 27 ,Milano          ,JPFAD41XOBH9UASI ,  1990
Francesca    ,Ajello       ,07/05/1964   , 59 ,Milano          ,J2YW0V0D0P4PRVJO ,  1960
Carolina     ,Fallaci      ,26/07/1973   , 50 ,Milano          ,JKMQI0DV60PHT6GU ,  1970
Patrizia     ,Nadi         ,24/01/1926   , 97 ,Milano          ,MX9AC6XQICP65MWO ,  1920
Pasqual      ,Gianvecchio  ,11/12/1997   , 25 ,Milano          ,GMBBXPJYFCVUYBWY ,  1990
Giorgia      ,Onio         ,04/06/1927   , 96 ,Milano          ,RL4K4LG65Z7Q5WBP ,  1920
Vincentio    ,Depero       ,10/01/1992   , 31 ,Milano          ,35L7JGDB4YPUP7XI ,  1990
Valentina    ,Sollima      ,27/02/1982   , 41 ,Milano          ,YUZJBH0J7XSEUVYG ,  1980
Rolando      ,Catalano     ,15/07/2001   , 22 ,Milano          ,55UNX7ZTEMBW8KSW ,  2000
Paoletta     ,Padovano     ,15/12/1952   , 70 ,Milano          ,AFBEIY981FKWK05G ,  1950
Osvaldo      ,Conte        ,24/07/1992   , 31 ,Milano          ,0FVKRWEOZFCIQVI6 ,  1990
Cipriano     ,Saraceno     ,10/09/1944   , 79 ,Milano          ,UE3JLQBO1NX3YWXL ,  1940
Jacopo       ,Rubbia       ,21/11/1976   , 47 ,Milano          ,FK648QF1DH2OMHQ3 ,  1970
Paulina      ,Morosini     ,02/01/1958   , 65 ,Milano          ,G044W2F9W9HD32D3 ,  1950
Pierina      ,Baglioni     ,11/10/2021   ,  2 ,Milano          ,4R723EPDS4VC9D14 ,  2020
Lara         ,Amato        ,12/02/2021   ,  2 ,Milano          ,KF3I9EEYTL1AY6IS ,  2020
Nino         ,Fantoni      ,18/11/1944   , 79 ,Milano          ,YYT3RKSARNU0ZPG8 ,  1940
Cassandra    ,Babbo        ,25/07/1980   , 43 ,Milano          ,DTYYFXIUFTMHQCVO ,  1980
Hugo         ,Franscini    ,02/12/1956   , 67 ,Milano          ,83FWGY9FEULXKYF0 ,  1950
Eva          ,Meucci       ,14/10/2020   ,  3 ,Milano          ,006OSPYLO7HPIS6W ,  2020
Filippa      ,Berlusconi   ,22/05/2016   ,  7 ,Milano          ,BNIMIAPYJVO7YQ1S ,  2010
Fiorenzo     ,Luciani      ,29/07/1982   , 41 ,Milano          ,1WR3ZZEAE1QNFTNR ,  1980
Tatiana      ,Ortese       ,16/12/1995   , 27 ,Milano          ,SHAB4R8ZVAI482VZ ,  1990
Virginia     ,Niggli       ,01/02/1992   , 31 ,Milano          ,TI4YN5NMPO3A0PU6 ,  1990
Puccio       ,Bernardi     ,24/04/1959   , 64 ,Milano          ,DLMFU758QKMYWKA5 ,  1950
Melania      ,Segrè        ,29/07/2015   ,  8 ,Milano          ,0RN5DUGAARTCBFFP ,  2010
Mercedes     ,Ubaldi       ,18/11/2013   , 10 ,Milano          ,LSHS83BH6MF469AZ ,  2010
Pierluigi    ,Strangio     ,15/01/1957   , 66 ,Milano          ,6XWNGODPN7TZFPNX ,  1950
Cassandra    ,Murri        ,08/09/1998   , 25 ,Milano          ,4XRIGSEMNTJKFT5S ,  1990
Bettina      ,Cuomo        ,27/11/1924   , 99 ,Milano          ,1IHY90BWJRIP9W3E ,  1920
Ansaldo      ,Cianciolo    ,30/07/2005   , 18 ,Milano          ,U02MHX8EV196T2W8 ,  2000
Ivan         ,Carnera      ,12/06/1980   , 43 ,Milano          ,79TVUOHVJ57AFEEC ,  1980
Raffaele     ,Ajello       ,02/03/2019   ,  4 ,Milano          ,GIL618W1PHB835ZB ,  2010
Marina       ,Sbarbaro     ,17/04/1960   , 63 ,Milano          ,U012755QFPDPRV98 ,  1960
Tonino       ,Platini      ,12/07/1986   , 37 ,Milano          ,T33F3OTD1MMAWV1U ,  1980
Letizia      ,Anastasi     ,11/04/1956   , 67 ,Milano          ,7S42PJLH08D61RDE ,  1950
Fabrizia     ,Lettiere     ,23/03/2002   , 21 ,Milano          ,SAJBO51NSMLKS3ZF ,  2000
Priscilla    ,Mazzeo       ,11/01/1984   , 39 ,Milano          ,FQ4ZEO6TMMPEZ3VE ,  1980
Imelda       ,Abatantuono  ,05/09/2022   ,  1 ,Milano          ,N09MY64GU34BNXWD ,  2020
Stefano      ,Ceci         ,06/02/1924   , 99 ,Milano          ,85JZQE8QDM9AUXUG ,  1920
Sonia        ,Fabbri       ,24/01/1938   , 85 ,Milano          ,1EPZVJII85N85J1L ,  1930
Annetta      ,Seddio       ,10/05/1928   , 95 ,Milano          ,S1PIZNEHBB4ACE66 ,  1920
Tullio       ,Bonanno      ,29/07/1936   , 87 ,Milano          ,K0SOUWLW37E865P6 ,  1930
Lando        ,Canevascini  ,15/11/2016   ,  7 ,Milano          ,ZC1UJ2RFVIXR9VHV ,  2010
Virginia     ,Lupo         ,18/10/2018   ,  5 ,Milano          ,QPG61ZSY8U0WXF4P ,  2010
Concetta     ,Sagese       ,03/01/1972   , 51 ,Milano          ,PWKDMUNMMONBI5RS ,  1970
