occupazione,salario_medio,nome,cognome,età,data_nascita,città_residenza,Stato,codice_fiscale
ingegnere,293.32k Euro,Benvenuto,Ioppi,117,02/04/1906,Napoli,England,KWMHZA23F54D980K
,59.17k Euro,Carla,Pininfarina,37,11/02/1986,Roma,England,VIZHRS41Z47J593K
medico,18.05k Euro,Gioacchino,Alfieri,101,03/01/1922,Napoli,Italia,NEGBGY09R65M800S
,365.25k Euro,Gelsomina,Gianetti,97,15/01/1926,Napoli,England,BOBXLY63R17D689A
avvocato,261.13k Euro,Fulvio,Zanichelli,108,07/05/1915,Milano,England,KGNLHL80N15D672U
medico,320.43k Euro,Vincenza,Paoletti,103,04/09/1920,,England,ORIECT83V58F929Y
,16.28k Euro,Annetta,Agazzi,67,26/10/1956,Roma,Italia,BCYHRH31U84D143Z
medico,59.66k Euro,Bartolomeo,Einaudi,71,20/05/1952,,Francia,PWCGKR79Z33N262N
,49.02k Euro,Piermaria,Anastasi,33,27/05/1990,Milano,Francia,YOBHKY82P74J635V
,37.96k Euro,Gabriella,Scarlatti,61,02/06/1962,Roma,Italia,EKXXUA36O75B359F
,303.23k Euro,Bernardo,Castellitto,73,28/11/1950,Napoli,Italia,60R6COEPASLSN0NJ
ingegnere,440.25k Euro,Erika,Corradi,N/A,29/02/1980,Roma,Italia,RWPJBO04E65B627U
avvocato,203.74k Euro,Bruno,Bonatti,74,06/05/1949,,England,YETMIS62N23D317J
avvocato,99.81k Euro,Tonino,Renier,42,10/08/1981,Roma,Francia,BAPDNW60K86M595F
medico,426.53k Euro,Ignazio,Rosselli,64,26/10/1959,Napoli,Italia,BDHIBL17C12H080W
medico,388.65k Euro,Alessandra,Tartaglia,N/A,29/02/1980,Roma,Italia,VGPFTS49T10H665B
avvocato,148.33k Euro,Livio,Fioravanti,75,15/02/1948,,Italia,GEQGFB17X92R494F
medico,329.09k Euro,Concetta,Martinelli,67,27/08/1956,Milano,England,WRPGIT78A81G874F
avvocato,462.16k Euro,Annamaria,Cesaroni,54,24/03/1969,,Italia,PFPTAMMTB51IVY24
,407.06k Euro,Marcello,Comeriato,115,16/04/1908,Roma,Francia,OPWRTV98V64N372E
medico,298.05k Euro,Mariano,Moccia,111,10/12/1911,Roma,Francia,HBOFMZ15V17M437V
medico,106.4k Euro,Alessandra,Chiappetta,95,16/02/1928,Napoli,Francia,UXADGJ63B26Z140C
,195.42k Euro,Vincenza,Toso,115,27/01/1908,Milano,Francia,JCUXGA87Q56I315C
,469.92k Euro,Fredo,Giannini,N/A,29/02/1980,Roma,Francia,ALQOUJ83F01V137D
avvocato,455.21k Euro,Evangelista,Vattimo,43,11/04/1980,Milano,Francia,VPYTWR01M39F552X
ingegnere,237.52k Euro,Antonietta,Ferrata,85,20/09/1938,,England,EXFJAQ86B95J861W
ingegnere,197.79k Euro,Gianpietro,Ziani,81,08/10/1942,Milano,England,TSAPLS33Q96H564P
medico,442.22k Euro,Beppe,Squarcione,69,31/10/1954,,Italia,VYQVLZ44W24R518E
,225.67k Euro,Alessandro,Germano,62,12/06/1961,Roma,Francia,UXVYRG47L93Z887K
ingegnere,315.96k Euro,Corrado,Vitturi,52,12/05/1971,Roma,England,QVEVGE63D13R852Z
,328.08k Euro,Alessandro,Morosini,45,31/05/1978,,Francia,RAYZIQ05U20L726G
avvocato,400.71k Euro,Luisa,Bellucci,39,06/06/1984,Napoli,Italia,ZPTDIB04M19D988P
avvocato,72.26k Euro,Lando,Scialpi,49,12/11/1974,Napoli,Italia,BECSZF57W59E503R
avvocato,222.39k Euro,Niccolò,Piccinni,121,21/12/1901,Napoli,Italia,XLOJSC00S25N788Z
avvocato,263.54k Euro,Stefano,Malacarne,114,08/03/1909,Milano,Italia,AJWPBC86E93E913C
avvocato,107.49k Euro,Gemma,Vespa,38,12/05/1985,Milano,Italia,PJORED23R34X615C
,291.69k Euro,Elmo,Ferrucci,24,17/02/1999,,Italia,IBPPBV62Z95R230R
,381.24k Euro,Giancarlo,Palazzo,51,27/03/1972,Milano,Italia,NKYVEH89M55A435Y
,269.62k Euro,Salvatore,Cuomo,75,03/12/1948,Napoli,Francia,FNUMCK21E16V267T
avvocato,276.22k Euro,Amico,Orsini,28,20/09/1995,,England,VWPJBC86B97Q199N
ingegnere,459.13k Euro,Arnulfo,Tornatore,29,27/11/1994,Milano,England,GHKGOW71X54G153I
avvocato,192.95k Euro,Griselda,Proietti,114,03/07/1909,,Italia,NPXNCN65G46W948D
ingegnere,133.13k Euro,Rembrandt,Pellegrini,115,03/01/1908,Milano,England,THOHYN21H80A213R
,169.45k Euro,Danilo,Goldstein,51,24/07/1972,Milano,Italia,SNTPFH73D96F413R
medico,150.37k Euro,Matteo,Abbagnale,91,02/02/1932,Roma,Italia,YBC42W71LW4G1KV2
avvocato,75.21k Euro,Luigina,Ludovisi,97,11/01/1926,,England,USZBHL85I40I425K
medico,225.98k Euro,Marcello,Donà,57,16/02/1966,Milano,Francia,RMAIAV72Z77V844O
,216.37k Euro,Dante,Iadanza,81,27/04/1942,Milano,England,ZCMOWV5Y0WYMADKA
ingegnere,322.27k Euro,Fabio,Morpurgo,114,21/02/1909,,Francia,PNGJEV30T59F797J
avvocato,145.72k Euro,Concetta,Ortolani,50,14/10/1973,,Italia,EVQKFV41E43N277W
avvocato,423.68k Euro,Aria,Marsili,111,10/06/1912,Napoli,Italia,ZYROSE59D63N705O
,405.51k Euro,Temistocle,Pugliese,70,21/06/1953,Roma,Italia,VZRFSY67P78O838I
,163.63k Euro,Salvi,Pastine,N/A,29/02/1980,Napoli,Italia,DMJPUI19F57N944O
,308.12k Euro,Gianna,Travaglia,66,16/01/1957,,Francia,IDJBLP01B88B191Y
ingegnere,73.78k Euro,Carmelo,Morlacchi,42,06/11/1981,,England,MRQVAL28P04W736A
avvocato,129.14k Euro,Arsenio,Trentin,81,17/04/1942,Milano,England,BFEGCB01I03O578D
,318.55k Euro,Fulvio,Ammaniti,49,15/01/1974,,Francia,UWXKYI83O20M405T
medico,25.11k Euro,Alfredo,Pagnotto,55,19/12/1967,,Francia,VQOHJJ37P71H712Y
ingegnere,278.49k Euro,Ermenegildo,Chiappetta,62,12/10/1961,Roma,Italia,CYJSVP87C46V386M
medico,183.4k Euro,Donato,Cattaneo,57,18/07/1966,Napoli,Italia,LPKKUB08V95L759N
,60.75k Euro,Iolanda,Ruffini,N/A,29/02/1980,,Italia,LHUXRJ00C84R846P
avvocato,366.27k Euro,Erika,Einaudi,106,29/08/1917,,Italia,LWNEMP81G20K138X
medico,330.21k Euro,Baccio,Trapanese,110,04/09/1913,Napoli,England,XJHUBA23V56Y452W
ingegnere,133.12k Euro,Antonia,Petrocelli,51,17/07/1972,,Francia,FBVZYJZKL6M8QTSY
ingegnere,303.75k Euro,Giulia,Gianvecchio,63,23/02/1960,Milano,Francia,ATBRNR74M31L025N
avvocato,281.38k Euro,Berenice,Tamburi,107,30/03/1916,Milano,Italia,JMJZXD20H02J726V
avvocato,57.8k Euro,Gianpietro,Galvani,97,23/05/1926,,Francia,RMXCCI06W36K683R
medico,130.31k Euro,Sandro,Iacobucci,108,23/12/1914,Roma,Francia,WFSXYN90S33N342P
ingegnere,477.49k Euro,Tina,Scandone,103,05/12/1920,Milano,Italia,TMXHBI57Y79J319U
ingegnere,261.1k Euro,Guido,Interiano,26,17/04/1997,Napoli,Italia,XPSHRH39C61V952X
avvocato,405.17k Euro,Aurora,Pinamonte,74,21/05/1949,Milano,England,CFVSET83K58G314H
avvocato,260.27k Euro,Dario,Brenna,111,23/05/1912,,Italia,CZOIWN31L86Z857D
medico,112.36k Euro,Flavia,Peruzzi,53,05/10/1970,,England,OERWQV04Q28I443C
,38.65k Euro,Fredo,Pigafetta,79,01/04/1944,Napoli,Italia,OJKURC02H86N603A
ingegnere,475.17k Euro,Annibale,Mannoia,23,07/06/2000,Napoli,Italia,PSUDOO39J94P398O
ingegnere,356.59k Euro,Margherita,Versace,65,09/11/1958,Milano,Francia,EFTWIK72X34T701P
avvocato,220.8k Euro,Renzo,Lovato,94,07/07/1929,,England,OEYAQK21M48P564P
ingegnere,357.78k Euro,Gabriele,Foscari,120,16/08/1903,,Italia,FRUNES03I10T044O
avvocato,13.03k Euro,Amleto,Prati,105,12/04/1918,Milano,England,KGVEPW80C44S927M
avvocato,480.87k Euro,Gianfrancesco,Verdi,122,28/08/1901,Napoli,Italia,ZMWXSC15W60E848S
ingegnere,103.8k Euro,Zaira,Zabarella,N/A,29/02/1980,Roma,Francia,HCHGVQ57D20Z251D
ingegnere,203.93k Euro,Ida,Alfieri,N/A,29/02/1980,,Italia,KYTZDJ70O46Q301V
ingegnere,330.54k Euro,Fabrizia,Pastine,35,19/04/1988,Napoli,England,SNMZSZ84J56V071Q
,39.04k Euro,Veronica,Borromini,N/A,29/02/1980,Roma,Francia,ZFNTNO68D25J502R
ingegnere,497.25k Euro,Ciro,Pedroni,48,05/05/1975,Roma,Francia,ZVMIWL39U04V874S
ingegnere,288.16k Euro,Filippa,Trapani,104,11/01/1919,,England,DNNSHX08C09X936N
avvocato,371.11k Euro,Gianmarco,Golino,50,24/12/1972,Milano,England,UJLAYZ33D01Y502H
ingegnere,313.42k Euro,Ferdinando,Piane,N/A,29/02/1980,Napoli,Italia,GWQTERUYD4SY191X
medico,439.64k Euro,Priscilla,Galvani,54,02/06/1969,,Italia,OKZABM34K27A019H
avvocato,191.23k Euro,Gianpietro,Chittolini,109,29/01/1914,,England,AGVSDD70G66F939S
medico,141.87k Euro,Gianluigi,Fantozzi,99,01/12/1924,,Italia,HXUJJL28J74Q839Y
medico,157.89k Euro,Renzo,Rubbia,80,13/09/1943,,Italia,FWDSJK17X39J686M
medico,474.59k Euro,Ludovica,Bianchini,119,07/09/1904,,Francia,RPCHSB55K27K984F
avvocato,389.4k Euro,Lucrezia,Gentileschi,70,08/09/1953,,England,AWTAOP21N05V888N
avvocato,423.35k Euro,Fabia,Fattori,77,23/11/1946,Napoli,Francia,OZICJY61W26R518Z
ingegnere,10.24k Euro,Tullio,Ariosto,33,03/09/1990,,Italia,JPXKJH92C04Y556L
ingegnere,138.89k Euro,Alessia,Modugno,73,29/12/1949,Roma,Italia,SUOCLV42Y26G760W
ingegnere,329.92k Euro,Gianpietro,Gangemi,77,02/03/1946,Roma,Italia,ADKFCE84L87B377A
avvocato,261.07k Euro,Patrizio,Camanni,66,14/10/1957,Roma,Francia,LQB0SF2WM64TGVQV
medico,155.07k Euro,Vito,Finotto,110,29/10/1913,,Francia,QQQFAS18G23L404J
medico,76.74k Euro,Atenulf,Catalano,122,22/04/1901,,England,HMINQS44Q12V012I
avvocato,442.61k Euro,Erika,Pavanello,52,14/12/1970,Milano,England,KNOIYR84C76T064E
avvocato,165.38k Euro,Oreste,Pininfarina,117,22/04/1906,Milano,England,RZSWIH66O23P951T
ingegnere,287.72k Euro,Coluccio,Rubbia,44,07/09/1979,Napoli,England,TGXEHI72X62B222M
ingegnere,75.11k Euro,Luigi,Soffici,26,11/03/1997,Milano,England,DEXVJL54R57P071D
avvocato,374.92k Euro,Amalia,Proietti,57,27/06/1966,,Francia,FZYHPW25C77J486S
avvocato,447.24k Euro,Lina,Brenna,64,23/09/1959,Roma,Francia,ETGRFQ31X93F132V
,492.83k Euro,Mercedes,Geraci,66,21/12/1956,,Italia,GEHINV90Y87V905C
avvocato,226.26k Euro,Lara,Baglioni,114,17/03/1909,Napoli,Italia,JJHRGH01K46N489E
,469.6k Euro,Lara,Agnesi,64,17/08/1959,Roma,Italia,WFYNWK44R49X054Y
avvocato,27.84k Euro,Cassandra,Dallara,N/A,29/02/1980,Roma,Italia,YLMGDW46R53U299W
ingegnere,168.56k Euro,Liberto,Agnesi,90,18/08/1933,Roma,Italia,VBFAAG84T66Z039J
ingegnere,146.07k Euro,Claudio,Aporti,65,22/03/1958,Milano,Italia,ERTTAC89B95I438V
,396.28k Euro,Puccio,Parri,85,17/10/1938,Roma,Italia,HVYSVZ32P28O904K
avvocato,33.18k Euro,Girolamo,Rensi,54,28/04/1969,Milano,Francia,SGKYYE34T61F833H
ingegnere,184.05k Euro,Severino,Foa,34,19/12/1988,Roma,Italia,NLYIEX42H74B084C
avvocato,23.9k Euro,Sandra,Scandone,31,01/02/1992,Roma,England,PMTTIN40O33S597L
ingegnere,354.41k Euro,Ferdinando,Pedersoli,103,29/11/1920,,Italia,LMMQGO56G48C450X
ingegnere,351.75k Euro,Vittoria,Carosone,105,31/10/1918,Milano,Francia,FDJBOF56T57L080A
avvocato,172.11k Euro,Elladio,Peruzzi,52,06/10/1971,,Italia,CRGJUM74V22F007F
medico,368.13k Euro,Ezio,Mercalli,123,12/07/1900,Milano,Italia,WMZAQU02W04Y318M
medico,248.12k Euro,Martina,Filippelli,122,25/05/1901,,Italia,DACQOF55A01B165F
ingegnere,297.6k Euro,Coluccio,Sokolov,23,15/02/2000,Roma,Italia,THLKVP80H56X261U
,13.57k Euro,Piermaria,Pisano,51,07/10/1972,,Italia,YPGSFU15O22T474Q
avvocato,37.3k Euro,Galasso,Muti,61,19/02/1962,Napoli,Italia,ARFKWP79M25H285O
,142.53k Euro,Ludovica,Baglioni,64,21/03/1959,,Francia,DSBKSZ17U76F413J
avvocato,83.7k Euro,Cassandra,Lombroso,27,20/09/1996,,Francia,XURIZS34Z46N386Q
medico,482.4k Euro,Matteo,Guarato,110,10/03/1913,Milano,Francia,HJSEOM24Q51P377B
ingegnere,328.02k Euro,Donatello,Conte,78,23/09/1945,Napoli,Italia,PNOTUG59Z69Q734D
ingegnere,430.07k Euro,Fiorino,Antonacci,51,10/04/1972,Napoli,Francia,SHFUHO90O22U654P
ingegnere,124.42k Euro,Camilla,Lussu,N/A,29/02/1980,Milano,Italia,RUGDXZ83V30E172S
ingegnere,478.9k Euro,Ramona,Coppola,N/A,29/02/1980,Napoli,England,DZAPOW10H47E461I
medico,219.78k Euro,Paolo,Salandra,60,31/05/1963,Milano,Italia,KDGMJZ83U80K870G
ingegnere,277.81k Euro,Geronimo,Disdero,N/A,29/02/1980,Milano,Francia,OLWLLS43S95X570L
,118.23k Euro,Amadeo,Ungaretti,41,29/09/1982,Milano,Italia,EHQWOD97N92Y549A
,230.53k Euro,Luigi,Zanichelli,83,17/07/1940,Milano,Francia,YDISKK72J86M896M
,398.14k Euro,Fabia,Bragadin,79,03/11/1944,Napoli,Italia,XQLOAZ51Z47Q209D
ingegnere,98.22k Euro,Graziella,Monaco,90,28/10/1933,,England,OMAXJG33N45I224P
,211.51k Euro,Graziella,Argentero,24,24/09/1999,Roma,Italia,EHUXXX99T52C785P
avvocato,153.07k Euro,Barbara,Schiavone,75,26/11/1948,Roma,Francia,CVMOLY95G04I680M
,207.96k Euro,Eraldo,Barracco,78,09/12/1944,Milano,Italia,SNV1I2PRJEIRPK5D
medico,20.83k Euro,Ninetta,Armani,118,01/09/1905,Roma,Francia,RNGEIL26R03E445W
avvocato,228.01k Euro,Tiziano,Persico,113,13/03/1910,Napoli,England,J0AGLKACCDHT6DCX
,383.15k Euro,Piergiuseppe,Piccinni,59,13/07/1964,Roma,England,VCVWUZ79U83A082A
avvocato,305.02k Euro,Cristina,Broggini,111,01/03/1912,Milano,Italia,KCWZEM62Z04K085X
,199.31k Euro,Donna,Bevilacqua,107,17/07/1916,,Italia,EXOKMK71Z34L866D
medico,223.4k Euro,Fiorino,Sollima,63,26/09/1960,Napoli,Francia,RFFHCN41K54H665O
ingegnere,438.78k Euro,Donatello,Giovine,74,05/01/1949,Milano,Italia,QBDYBL84R45U633M
medico,398.12k Euro,Liberto,Rossini,107,16/06/1916,,England,II21BBOYYFLPOP56
medico,98.14k Euro,Eraldo,Magrassi,55,21/02/1968,Napoli,Francia,EAAOAA47Y52Z997R
,42.6k Euro,Orlando,Serao,100,28/01/1923,Milano,Italia,DAKXXF66G65W337K
ingegnere,414.45k Euro,Gemma,Odescalchi,43,10/11/1980,Milano,Francia,DMRDZE45S80Q508K
ingegnere,202.22k Euro,Ornella,Travaglio,69,14/10/1954,Milano,Italia,UFZIKE71X49N451X
medico,217.85k Euro,Giancarlo,Mercati,63,30/05/1960,Roma,England,GYGTUR67I08X042R
avvocato,51.2k Euro,Lazzaro,Camicione,102,07/08/1921,Napoli,Italia,PBDUJL67T97G906L
ingegnere,339.69k Euro,Giorgio,Ponti,48,23/02/1975,Napoli,Italia,TJKRCN41W02D158U
ingegnere,56.99k Euro,Nico,Ungaretti,73,24/08/1950,,Italia,NPXRBQ11Y19Z168I
avvocato,325.36k Euro,Camillo,Mercantini,34,12/01/1989,Milano,Francia,LWWZBE52O32F315H
ingegnere,205.37k Euro,Ignazio,Mimun,103,26/07/1920,Roma,Francia,YSEGGJMCL84H3PI8
medico,276.25k Euro,Vincenza,Samele,71,17/06/1952,Milano,Italia,BCPQUI92G67I758Z
medico,13.99k Euro,Domenico,Fieramosca,32,29/05/1991,Milano,England,WWDTTJ11K18B334G
medico,88.66k Euro,Ludovica,Papetti,102,28/08/1921,Milano,England,UCRDNF99U89Z732X
,446.8k Euro,Arnaldo,Prodi,48,03/09/1975,Roma,England,QJTWNL10I95Z858J
,273.86k Euro,Fiorino,Carducci,48,08/04/1975,,Francia,HDNEWI53L92Z745L
,283.46k Euro,Giampaolo,Delle,43,15/08/1980,,Italia,EDYGQS83A89S875T
medico,207.63k Euro,Arsenio,Nicolucci,23,18/06/2000,Napoli,Italia,BSFYWO72W88A388L
avvocato,82.82k Euro,Bianca,Faugno,86,28/05/1937,Roma,Italia,PAYDPN65R46L103H
avvocato,97.96k Euro,Antonio,Finetti,28,11/01/1995,Milano,Italia,CAODVW27E00A195R
medico,150.67k Euro,Carolina,Ferrante,38,20/04/1985,,Italia,PEOIOC09L42U042O
avvocato,372.81k Euro,Ferdinando,Catalano,117,11/11/1906,Milano,England,AWIIRV18R22A366A
ingegnere,409.43k Euro,Lucia,Brancaccio,120,18/11/1903,Milano,Italia,BKQRPB35J53C086E
ingegnere,196.03k Euro,Loredana,Tarchetti,45,13/02/1978,Milano,Francia,LZYFPI04G32N397N
,162.09k Euro,Valentina,Paruta,66,15/12/1956,,Italia,AKXQCN62H35D675C
,476.47k Euro,Gaspare,Curatoli,40,19/01/1983,Napoli,Italia,CIIVUZ60O77R371T
avvocato,350.87k Euro,Raffaello,Garrone,32,14/02/1991,Napoli,England,XPUMFP58P55N875I
,45.15k Euro,Amadeo,Ravaglioli,N/A,29/02/1980,Roma,England,HLNMNF05F31M168O
ingegnere,127.43k Euro,Pellegrino,Bonanno,96,16/01/1927,,Italia,FBPPGX77X43X124I
ingegnere,277.36k Euro,Piero,Curatoli,77,11/07/1946,Milano,England,C8A61F35FCR5EBSM
avvocato,20.5k Euro,Benito,Sorrentino,56,29/08/1967,Roma,Italia,YFMPRV29N24C395L
medico,289.56k Euro,Fredo,Bersani,N/A,29/02/1980,,Italia,PKMYEE64V26Y533F
avvocato,430.4k Euro,Chiara,Lercari,109,19/12/1913,Napoli,England,RNEGOS54E82X188Y
,171.21k Euro,Gianfranco,Malenchini,76,10/10/1947,Milano,England,HNZRAH13U49U259R
,172.05k Euro,Tonino,Borromini,105,12/08/1918,Roma,Italia,MNQMMK23H27F926I
ingegnere,481.21k Euro,Giovanni,Parisi,N/A,29/02/1980,Roma,Italia,RHTCHL46Z02X742V
avvocato,109.93k Euro,Enzio,Tarchetti,123,18/01/1900,Napoli,Italia,SZJZJE98F91X639N
avvocato,467.77k Euro,Mirco,Trapanese,N/A,29/02/1980,Napoli,Francia,XALGGF75O23I236Y
ingegnere,111.4k Euro,Girolamo,Ramazzotti,N/A,29/02/1980,,England,IPVEUI73A81W282L
medico,257.53k Euro,Costanzo,Falier,32,19/02/1991,Napoli,England,DXHKBZ91T57P254S
ingegnere,273.14k Euro,Marina,Camanni,N/A,29/02/1980,Napoli,Italia,GB30KHS3XFT4V7DQ
,125.7k Euro,Piergiuseppe,Raimondi,56,09/12/1966,,Italia,VHPTZO07D02G026Q
medico,441.79k Euro,Carmelo,Lamborghini,52,12/07/1971,,Francia,IVIBPJ31M51G797W
,418.59k Euro,Coluccio,Benussi,63,07/04/1960,Napoli,Francia,ZMJONO77V81B564T
ingegnere,409.02k Euro,Stefani,Favata,83,08/09/1940,Roma,Italia,ZFWSFT85K12I990P
medico,119.58k Euro,Eraldo,Avogadro,27,15/12/1995,Napoli,England,RDWEDI91G51G789Q
,419.86k Euro,Ottone,Castelli,47,20/10/1976,Napoli,Francia,9GGUQMJ3RVUH2ZRY
medico,114.08k Euro,Cecilia,Cheda,117,12/02/1906,Napoli,Italia,ZEALJE31B49W188Q
medico,206.68k Euro,Orazio,Ferrabosco,111,30/03/1912,,Francia,AALIYQ65H75U514X
,381.12k Euro,Martina,Fagiani,48,06/08/1975,Roma,Italia,RFNHLB47O18C977J
medico,112.06k Euro,Uberto,Saragat,57,21/10/1966,Milano,Italia,ATMQUM84D32H584B
medico,275.74k Euro,Federigo,Contarini,62,12/02/1961,,England,SX96HTWUSMYDS8PL
medico,339.45k Euro,Vincenza,Trussardi,84,18/07/1939,Napoli,England,VXTQMD16N50T689X
,105.33k Euro,Marcello,Sokolov,102,04/05/1921,,England,MQFGPH19T50C092F
,254.59k Euro,Guglielmo,Perozzo,30,19/01/1993,Napoli,Italia,PPJGOT65U93U118L
medico,274.49k Euro,Luchino,Garozzo,64,25/12/1958,Napoli,Italia,OCWZZH74A01I024C
medico,340.19k Euro,Melissa,Bassi,57,14/06/1966,Roma,Italia,WIARPW05A57I497P
medico,299.16k Euro,Etta,Rinaldi,79,19/05/1944,Roma,Italia,XQIDHD19F15N392X
ingegnere,143.02k Euro,Veronica,Civaschi,71,02/08/1952,Napoli,Italia,ZTBUTN81C93G400Q
avvocato,197.53k Euro,Martino,Cattaneo,82,21/10/1941,Napoli,Francia,OJGWAZDZP2FHSUVG
,316.29k Euro,Pierina,Prodi,96,01/11/1927,,Italia,00P7IHWCOUSSRNA5
medico,357.59k Euro,Ottavio,Monicelli,118,26/01/1905,Napoli,Francia,PDHXHB64L30N514X
ingegnere,356.51k Euro,Toni,Toso,65,07/02/1958,Napoli,England,TLNXEY52Y82O871L
medico,215.47k Euro,Imelda,Benedetti,61,10/07/1962,Roma,England,HRXYHQ51M41J706L
avvocato,38.86k Euro,Carolina,Novaro,46,14/02/1977,Roma,Italia,PBNWFN75E21R877J
avvocato,284.78k Euro,Gioacchino,Bandello,83,29/03/1940,Napoli,Francia,NLBZNY61G49T012A
ingegnere,114.29k Euro,Benito,Pascarella,25,29/07/1998,Napoli,Italia,THYBMA31P72W996Y
avvocato,467.81k Euro,Domenico,Zanichelli,86,13/11/1937,,Italia,MPVJPX23H42J492O
avvocato,183.42k Euro,Cecilia,Giannuzzi,88,19/08/1935,Milano,Italia,FMLMFY61Q67M462Z
ingegnere,68.98k Euro,Licia,Peruzzi,N/A,29/02/1980,Milano,England,JGD0HMY3AN8YYGTG
ingegnere,52.48k Euro,Barbara,Barbarigo,100,01/10/1923,,Francia,ZOYVEU79B35D267C
ingegnere,149.85k Euro,Romana,Castellitto,72,07/06/1951,,Italia,BZSTNE55Y42F290V
avvocato,354.92k Euro,Bartolomeo,Visconti,49,05/01/1974,Milano,Italia,R619MTPTKPOSVD2L
avvocato,275.32k Euro,Liberto,Mancini,47,25/07/1976,,Italia,56X39Q6ZNTADVBIE
,37.92k Euro,Cristina,Castiglione,87,14/04/1936,,Italia,USEYEC60B20C607A
medico,175.83k Euro,Lisa,Dovara,57,28/12/1965,Milano,Francia,ESJZPO98U38B405Y
ingegnere,434.88k Euro,Flora,Pacelli,64,26/02/1959,Napoli,Italia,EM4AKU4O3YO6V3MW
,110.4k Euro,Orlando,Pagnotto,73,06/12/1950,,England,WBPEJR52G15Q984K
medico,184.82k Euro,Paola,Caruso,62,18/02/1961,Roma,England,EJCKLZ30Y93A106U
ingegnere,130.86k Euro,Daria,Tarantini,83,07/02/1940,Milano,England,NAYGPX14Q74L026B
medico,143.81k Euro,Fausto,Trentin,93,14/08/1930,Roma,Francia,RLUJOD36R14X164X
medico,446.34k Euro,Graziano,Serraglio,87,13/10/1936,Milano,England,41QTM1KGB5X7OD1Z
,205.84k Euro,Michelotto,Finzi,97,25/03/1926,Roma,Italia,FTLFCK13Q96A350Y
ingegnere,444.44k Euro,Lauretta,Quasimodo,113,24/04/1910,Milano,Italia,VKIAAC54H98P025F
,100.46k Euro,Adelmo,Broggini,86,01/04/1937,Milano,England,OFHMSC86P65V545B
ingegnere,309.52k Euro,Silvio,Manzoni,58,29/03/1965,Roma,Italia,KFCRDI96J71O374G
ingegnere,282.63k Euro,Tonino,Grisoni,63,22/11/1960,Milano,Francia,HUFQMQ79K99F304X
medico,104.6k Euro,Alberico,Zarlino,123,15/07/1900,Milano,Italia,BBIJTI39C19P524D
,309.3k Euro,Fiamma,Ferrata,59,13/04/1964,,Italia,WUTRBL44L62E928C
,302.82k Euro,Amalia,Bianchi,96,01/08/1927,Napoli,England,OQRBDZ17E49J132W
,130.38k Euro,Rocco,Manacorda,114,21/02/1909,Milano,Francia,KJSTIG67K56Y205X
avvocato,469.17k Euro,Baccio,Gucci,89,24/11/1934,Roma,Francia,URLUUC92L82Q813C
avvocato,185.59k Euro,Eraldo,Gentilini,104,15/10/1919,Roma,Italia,OQFYKI57S86I197H
avvocato,352.54k Euro,Amico,Zacchia,31,03/03/1992,Roma,Italia,SPRJYT43F43J586M
ingegnere,296.14k Euro,Pierangelo,Comisso,N/A,29/02/1980,Milano,Francia,ZQKJHY75A19W194U
avvocato,374.45k Euro,Giorgio,Brancaccio,68,17/02/1955,Roma,England,WSQWFP99B20N063A
ingegnere,387.43k Euro,Tonia,Babati,101,21/09/1922,Napoli,Francia,RPVPZJ40O57Z073G
avvocato,466.64k Euro,Raffaellino,Solari,83,14/04/1940,Napoli,Italia,FXOMBE62R83G821A
avvocato,32.29k Euro,Fiorino,Tutino,49,10/10/1974,Milano,Francia,KKSDNK58N56H579K
,495.99k Euro,Bettina,Ajello,30,19/07/1993,Napoli,Italia,RBLDIY58C15V738D
avvocato,479.43k Euro,Amadeo,Ciampi,108,20/11/1915,Milano,Italia,FZMVRF77T71Y641W
,235.54k Euro,Ezio,Ruggeri,N/A,29/02/1980,,England,PSQTYH20P49H856A
ingegnere,112.47k Euro,Vincentio,Ubaldi,90,03/09/1933,,Italia,GHHUII03K86Z727U
ingegnere,15.77k Euro,Greca,Crisafulli,65,04/11/1958,,England,IOTACU37D91H956U
avvocato,382.12k Euro,Luciana,Vigorelli,105,04/08/1918,Roma,England,YFNRJG49Z62L234R
medico,174.4k Euro,Federica,Lussu,61,21/06/1962,Roma,England,QUOGEZ51K75X457L
,440.96k Euro,Priscilla,Mezzetta,45,06/10/1978,Milano,Italia,QEILWR03K91Z703N
ingegnere,384.02k Euro,Rosaria,Endrizzi,51,07/09/1972,Napoli,England,IUBDAK80T32A362I
medico,25.61k Euro,Michele,Raurica,42,27/01/1981,Napoli,England,GGXIIL75E62P150R
avvocato,34.6k Euro,Michelangelo,Novaro,45,21/05/1978,Roma,Francia,BVWEDF42F80L847N
avvocato,161.03k Euro,Dante,Papafava,88,09/09/1935,Milano,Italia,EUOVEW67D07Y382A
medico,198.29k Euro,Niccolò,Tresoldi,32,02/12/1991,Napoli,Italia,LNHIHB00D62Q723R
ingegnere,237.76k Euro,Achille,Venier,34,04/09/1989,Napoli,Francia,FLNMFP44V55M098K
,351.23k Euro,Dina,Curatoli,N/A,29/02/1980,,Francia,TB2VQGUJLD1P81HX
medico,342.96k Euro,Pier,Torricelli,102,20/02/1921,Roma,England,QCFYIG84D98K606M
ingegnere,296.68k Euro,Greca,Abatantuono,86,28/02/1937,Milano,Francia,XEF1H3Z7X2I2VNEN
ingegnere,148.8k Euro,Milena,Cuomo,109,08/05/1914,Roma,Italia,FALMGG90L10G657Q
medico,184.54k Euro,Greco,Iacobucci,90,27/10/1933,Milano,Italia,WSEABP29Z81U023J
medico,198.2k Euro,Dino,Mastandrea,123,30/05/1900,Milano,England,NSMSSJ22M80G800Z
,426.82k Euro,Gianluca,Simeoni,100,11/06/1923,Napoli,England,TXZLYK70A64Q996R
ingegnere,15.0k Euro,Liana,Nolcini,54,02/02/1969,Milano,Francia,54J09Z0KGC1XLAML
medico,404.95k Euro,Donatella,Berengario,31,02/11/1992,Roma,Francia,ZOHHZK42K89L036K
,287.54k Euro,Bettina,Agnesi,35,03/08/1988,Napoli,Italia,U5PC302UYYR4YB3W
avvocato,392.81k Euro,Benvenuto,Stefanelli,61,30/03/1962,,Italia,EQUWHL87Z92C851Y
avvocato,490.28k Euro,Cristina,Monicelli,79,05/09/1944,Napoli,Italia,A3UEGNK35JE03BQK
,46.75k Euro,Romina,Solimena,78,15/11/1945,Roma,Francia,ERYTRA46J81V130Q
avvocato,134.4k Euro,Etta,Delle,106,25/04/1917,Napoli,England,ESHVWT30S16W903J
medico,173.42k Euro,Agnolo,Pausini,43,10/09/1980,Milano,Italia,LJUTIN99Y49H655R
ingegnere,333.17k Euro,Maura,Versace,98,08/12/1924,,England,DTATCG47V48K498X
ingegnere,116.18k Euro,Caterina,Ravaglioli,56,09/09/1967,Napoli,England,SBLAXG45N26N217F
ingegnere,308.83k Euro,Delfino,Balbi,36,16/05/1987,Roma,Italia,GDDIXZ00L45E830C
ingegnere,455.99k Euro,Maurizio,Comboni,66,16/03/1957,Milano,Italia,LDWVXO44Q16D914C
avvocato,13.8k Euro,Vittorio,Sauli,65,22/01/1958,,Italia,OVAQET68V33D078U
avvocato,392.39k Euro,Giampiero,Verdi,40,25/01/1983,Roma,Francia,AOIKFL65M45K628N
medico,495.61k Euro,Patrizia,Petrocelli,101,04/01/1922,,England,EQKNYG25S53F235A
ingegnere,231.37k Euro,Virginia,Casagrande,68,28/09/1955,Roma,Francia,FLBSOV96F52W642O
medico,113.69k Euro,Donna,Draghi,73,08/12/1949,,England,NFYXDQ46C85P570Q
,427.71k Euro,Fiamma,Altera,116,24/05/1907,Roma,Italia,OLJWZM59I00F085N
medico,243.09k Euro,Gionata,Vigorelli,73,12/11/1950,Napoli,Italia,IJVMPA08D84M652T
avvocato,129.46k Euro,Isa,Granatelli,99,05/06/1924,Roma,Italia,XATTCQ33A76L601I
,413.54k Euro,Piermaria,Pizzetti,100,07/06/1923,Milano,Italia,SJHPNP42R53H885K
medico,77.25k Euro,Marissa,Travaglio,107,25/03/1916,Napoli,Italia,QTPDIB32F51J149I
,336.78k Euro,Fausto,Panzera,104,29/03/1919,Napoli,Francia,BAPELQ79M91U366Y
avvocato,102.86k Euro,Ida,Cutrufo,74,26/09/1949,,Italia,ZSFOCC87B13Q347X
,232.74k Euro,Licia,Ruffini,66,06/01/1957,,Francia,GMNLYW54D75U486S
avvocato,410.14k Euro,Venancio,Cadorna,75,22/06/1948,,Italia,OOPVGU52U51Q666Q
,281.19k Euro,Antonio,Gentili,63,21/06/1960,Milano,Italia,QBYVGO54G63U150W
,362.65k Euro,Ubaldo,Carnera,112,01/09/1911,,Francia,LIXTZN73C73N033Z
medico,326.43k Euro,Cristina,Smirnoff,104,24/08/1919,,Italia,MGVDRI70A06E012T
medico,54.05k Euro,Marcella,Vismara,71,09/02/1952,Napoli,Francia,CTQWKT80B81R332C
avvocato,365.24k Euro,Marco,Ioppi,56,26/08/1967,Roma,Francia,WXEJBD79R28O306B
,128.99k Euro,Mirko,Gotti,110,28/08/1913,Napoli,Francia,GPEWCW36Z80R651O
avvocato,483.06k Euro,Gianfrancesco,Galiazzo,67,02/12/1956,Napoli,Francia,OBHGAM16W97L777Y
medico,77.79k Euro,Leonardo,Deledda,78,10/06/1945,,Italia,UDXMKY31W78V005R
avvocato,72.67k Euro,Leonardo,Fermi,37,27/10/1986,,Francia,FJJPAT04A75A127T
medico,476.18k Euro,Girolamo,Gasperi,69,03/09/1954,Napoli,Italia,EYXYOP09W09G343D
avvocato,133.23k Euro,Massimiliano,Marini,62,08/06/1961,Napoli,Italia,HTDRTL11H32E285L
avvocato,480.48k Euro,Federigo,Scamarcio,24,22/11/1999,Napoli,Francia,BQDQYD08N22H029D
,33.63k Euro,Rosario,Polizzi,66,08/08/1957,,Italia,APHWEE75R17H375U
,274.75k Euro,Delfino,Pigafetta,25,17/03/1998,Napoli,Francia,URYPCP69E44C712H
medico,304.13k Euro,Cecilia,Varano,45,30/11/1978,Roma,Italia,RKQDFY71U78F672A
,405.4k Euro,Eugenia,Trincavelli,N/A,29/02/1980,,England,KXDRUW96A55P217P
avvocato,243.0k Euro,Sante,Cainero,114,30/08/1909,Roma,Italia,VNZSOZ06I33A697V
medico,150.45k Euro,Beatrice,Goldstein,111,31/08/1912,Roma,Italia,OJBUJI84C44I712L
medico,320.01k Euro,Niccolò,Munari,42,14/08/1981,,Italia,TPVEXB13V60Q666L
,200.14k Euro,Giuliana,Soprano,N/A,29/02/1980,,Italia,SAFYDB82E74V277X
avvocato,323.27k Euro,Berenice,Agostinelli,70,04/03/1953,Milano,Italia,GXDRAN02C51U876U
,326.74k Euro,Griselda,Ceschi,105,23/10/1918,,Italia,ACYMXT28Z89R743L
medico,190.55k Euro,Guarino,Calarco,77,13/08/1946,Milano,Italia,PZJDFV87Q56V050K
medico,103.85k Euro,Giuseppe,Trebbi,84,28/07/1939,,England,ZACNDJ94U44E896C
medico,361.51k Euro,Fiamma,Bellocchio,110,12/05/1913,Roma,England,TIMMJY63I42T394F
ingegnere,387.47k Euro,Fabrizio,Giammusso,94,18/07/1929,Napoli,England,EEPDKS38V09I277S
avvocato,73.67k Euro,Giampaolo,Ajello,122,26/02/1901,Milano,England,ITMUUC66P67Q976S
,147.34k Euro,Monica,Orsini,47,12/04/1976,,Francia,JXQRCX21S80D916G
ingegnere,331.55k Euro,Ricciotti,Marrone,90,17/08/1933,Milano,Italia,DPDRLG82M71D057Y
avvocato,148.28k Euro,Ciro,Sonnino,31,30/04/1992,Napoli,Francia,UACQIS23W17K499P
,326.23k Euro,Fedele,Morgagni,121,07/11/1902,,Francia,MKMJOL75L54G113B
,62.06k Euro,Giampaolo,Baggio,80,16/01/1943,Roma,England,FSMOMC03Y74L265G
,135.0k Euro,Fedele,Monte,47,07/09/1976,Napoli,England,UZUVXX75J67I709E
medico,488.87k Euro,Ciro,Casagrande,123,02/12/1900,,Italia,MCVVZC10L53O979Z
,462.46k Euro,Alessandra,Petrocelli,97,01/05/1926,,Italia,0WY9KRQDKDGW6XIC
medico,347.07k Euro,Guido,Zamengo,71,07/04/1952,Napoli,Italia,KVBYLT69I79V876V
ingegnere,173.25k Euro,Giuseppe,Donini,N/A,29/02/1980,,Francia,OEBVDT98Z93Y328A
medico,42.5k Euro,Gaetano,Ungaretti,120,23/10/1903,Roma,Italia,YVVAPY41T77Z692C
,56.47k Euro,Romina,Pasolini,46,30/01/1977,Roma,England,EKGVVJ40O82Z889Y
,391.51k Euro,Piergiorgio,Mezzetta,59,23/05/1964,Milano,Italia,LKUOAZ71T84U779C
ingegnere,92.57k Euro,Berenice,Scarpa,80,21/05/1943,,Italia,PREGIU68T94Q122W
ingegnere,10.01k Euro,Daniele,Ferrata,76,28/08/1947,Roma,Francia,YUTLXI42S06A527Q
,313.07k Euro,Donatella,Cossiga,75,11/11/1948,Napoli,Italia,JQLQHR65W32B188N
,103.11k Euro,Tonia,Sgalambro,41,17/12/1981,Milano,England,QTTPWA64F75V651N
,211.86k Euro,Laureano,Montanari,43,18/05/1980,Napoli,Italia,QLBFDQ08N95U508S
medico,249.47k Euro,Carolina,Bassi,91,06/09/1932,Roma,Italia,YAGLVM78W96A787D
ingegnere,306.04k Euro,Gianmarco,Trebbi,29,13/05/1994,Roma,Italia,2U0F8Y14JJ8CQYCT
ingegnere,280.16k Euro,Nicolò,Vercelloni,111,19/07/1912,Milano,England,ZSVWOX81N98P836T
avvocato,328.39k Euro,Maurizio,Bonaventura,104,15/01/1919,Roma,Italia,HTRMWN05X50W725A
avvocato,432.79k Euro,Giosuè,Ficino,61,21/07/1962,Napoli,England,FHNAAR33O96I199L
medico,99.45k Euro,Raffaella,Correr,106,16/05/1917,Napoli,Italia,DHS2NUTCZ8D1IZO1
avvocato,251.05k Euro,Paloma,Borsellino,36,18/12/1986,Napoli,Italia,K65R0P4SDIPCCPEP
medico,22.85k Euro,Isabella,Tonisto,99,04/05/1924,Roma,Francia,MENNBD47N52W556D
,478.48k Euro,Giustino,Babbo,N/A,29/02/1980,Roma,Italia,PHAHWI21V53R162A
avvocato,55.25k Euro,Edoardo,Pizzamano,115,21/06/1908,Milano,England,RHJDPS55C92C251F
,330.09k Euro,Gloria,Bianchini,102,21/10/1921,Milano,Francia,TVDYHG46C06Y895H
medico,155.55k Euro,Maurizio,Zeffirelli,121,09/08/1902,Napoli,Francia,ZCIKEP87N74H293M
,34.64k Euro,Graziano,Barcaccia,24,17/08/1999,Napoli,England,NAYDXG67R44Y516S
,258.97k Euro,Benvenuto,Redi,27,06/04/1996,Napoli,Italia,6EEYNBQ0O3CK6Q3N
medico,206.34k Euro,Dolores,Borgia,39,28/07/1984,Napoli,Francia,EGESJG44G49Q956X
medico,364.6k Euro,Mirco,Rosiello,57,08/02/1966,Milano,England,ZVGZYK18W16H157L
medico,265.43k Euro,Griselda,Beccheria,96,17/03/1927,,Italia,VTBDCW06K77Q332T
medico,402.05k Euro,Ludovica,Busoni,48,04/09/1975,,Italia,ZLQCGN85S59M759F
ingegnere,75.85k Euro,Pierpaolo,Borromeo,25,19/01/1998,Napoli,Italia,SVOLZQ20W47J758K
medico,470.74k Euro,Patrizio,Bonolis,95,14/01/1928,Roma,Francia,AMWKBB34Q23B465X
ingegnere,336.64k Euro,Antonina,Antonacci,67,08/10/1956,Milano,England,APDSNW03E35W724G
,300.31k Euro,Giuliana,Dovara,92,10/06/1931,Milano,Italia,TLJOJJ60B94O347J
avvocato,117.81k Euro,Eugenia,Carullo,75,10/05/1948,Napoli,Francia,WCOLDA51U23Y764S
avvocato,372.25k Euro,Allegra,Morandi,105,05/05/1918,Napoli,Francia,EYYYJT41Y22N994G
medico,285.54k Euro,Teresa,Napolitano,N/A,29/02/1980,Roma,Italia,CYAWTB79A05I045D
ingegnere,418.3k Euro,Cipriano,Brambilla,N/A,29/02/1980,Napoli,Italia,ZUSIMY58Z53M785D
,456.75k Euro,Melania,Muratori,23,05/09/2000,Milano,Italia,OKCURK58L91K024Q
avvocato,200.65k Euro,Giulio,Emo,64,01/11/1959,Roma,Italia,YMJXKU96E52D495A
ingegnere,164.4k Euro,Armando,Veltroni,78,04/10/1945,Roma,Francia,GKKYOW63V22Y273G
ingegnere,98.8k Euro,Antonino,Zabarella,103,29/01/1920,Milano,Italia,YOGMFT03B29P737U
avvocato,369.46k Euro,Gastone,Zamorani,102,14/05/1921,Napoli,Italia,BSWUMH24G41A894U
medico,415.32k Euro,Liberto,Cadorna,87,28/09/1936,Napoli,Italia,KNRNFV10H71A375R
medico,142.11k Euro,Ignazio,Berlusconi,32,08/04/1991,Napoli,Italia,BOGZIX95K93K430H
,312.73k Euro,Gionata,Capone,87,28/04/1936,Napoli,Francia,LIQTMM05Y54U575I
avvocato,127.34k Euro,Valeria,Piazzi,40,23/04/1983,Roma,England,UCNXZB44U75Y861B
medico,436.09k Euro,Marina,Gregorio,122,03/01/1901,Napoli,Francia,PIYTDY11B91O818S
avvocato,42.68k Euro,Milena,Tuzzolino,38,12/01/1985,Roma,Francia,JQZTTK22Y46S992Y
medico,67.8k Euro,Giuseppina,Cuomo,71,02/08/1952,Roma,England,EVDIYV89P87X514K
,258.85k Euro,Tonino,Baglioni,66,05/07/1957,Napoli,Italia,UMUNST22I49N215P
avvocato,326.87k Euro,Mattia,Casale,N/A,29/02/1980,,Francia,SADOOG98S11B438U
medico,232.64k Euro,Lodovico,Marangoni,106,02/07/1917,,Italia,ZWKJVV14D53M190C
ingegnere,274.02k Euro,Maura,Gentilini,111,24/03/1912,Roma,Italia,IRJCGBWEIR1EZMBR
,479.03k Euro,Alfredo,Castelli,73,16/02/1950,Napoli,Italia,PFAXRK23Q07R998R
avvocato,480.63k Euro,Guglielmo,Morrocco,74,20/01/1949,,Italia,QFZWZU83O21V351L
avvocato,197.14k Euro,Ansaldo,Telesio,26,14/12/1996,,Francia,KOJHZX27M08I281E
,317.44k Euro,Maurilio,Vasari,60,10/11/1963,Napoli,Italia,PPUYBT58N96M890B
ingegnere,207.24k Euro,Baldassare,Franzese,110,22/02/1913,Roma,England,DRZODJ41W53Q568T
medico,474.7k Euro,Laureano,Beccaria,86,20/10/1937,Napoli,Italia,QLANZT24A57C053Q
avvocato,117.97k Euro,Nino,Gaito,108,02/02/1915,Milano,Francia,PTUTUB20Y94V265K
avvocato,388.72k Euro,Alfio,Giannini,N/A,29/02/1980,Milano,Italia,IEEKNF52K68Z815L
avvocato,430.46k Euro,Fabia,Sgarbi,123,13/02/1900,,England,WNTWRH07J04D258A
avvocato,341.02k Euro,Lara,Gianinazzi,122,21/08/1901,Roma,England,VIPUKE94L47C060D
avvocato,62.3k Euro,Domenico,Lerner,59,26/07/1964,Roma,Francia,YTNWUW00D43Z892S
,53.84k Euro,Costantino,Combi,51,24/01/1972,Roma,Italia,EUXYME71M46Z793F
medico,397.82k Euro,Roberto,Saraceno,117,03/12/1906,Milano,England,RAPAPJ38R42N591M
medico,59.8k Euro,Bernardo,Grifeo,83,11/03/1940,Milano,England,MFVXWH01T05B543J
,222.86k Euro,Graziano,Cammarata,122,06/12/1901,,Italia,MXLRAH21C78J809A
,239.5k Euro,Cirillo,Favata,85,04/10/1938,Roma,Italia,HPDRGM63G68Q698S
avvocato,480.76k Euro,Eugenia,Rossellini,N/A,29/02/1980,Milano,Italia,MMEXEC36X02P317A
medico,32.8k Euro,Fabrizia,Schiavone,112,29/05/1911,,Francia,ISJMWO52F49F741D
,332.84k Euro,Tiziano,Peranda,37,11/05/1986,,Francia,TZZFQI30W77K702K
ingegnere,250.74k Euro,Rolando,Antonioni,109,24/10/1914,Roma,Italia,GXPCAL51P09C726Z
,111.28k Euro,Ivo,Foa,81,12/11/1942,,England,SFZFGW78G31O940J
medico,238.27k Euro,Letizia,Bembo,24,11/02/1999,Roma,Italia,GVMQPU14I39T068D
,97.8k Euro,Baldassare,Ferrara,37,12/01/1986,,Italia,ECTZFO97H69T910J
ingegnere,48.69k Euro,Flora,Ramazzotti,112,24/05/1911,Milano,England,IDIVTA34N23X405F
,400.67k Euro,Giosuè,Murialdo,61,07/05/1962,Roma,Italia,CLFYMA73U46M918X
,395.77k Euro,Benvenuto,Argentero,104,27/10/1919,,England,ZJRIANRO0OZVWFDH
medico,413.98k Euro,Mirko,Giovine,94,27/07/1929,Napoli,Italia,PWPSFQ53W15O141P
ingegnere,419.9k Euro,Luchino,Bosurgi,N/A,29/02/1980,,England,AIVPNP63A32Z105E
avvocato,93.22k Euro,Silvio,Cabrini,36,15/10/1987,Milano,Italia,QTYQHT04F55W052O
ingegnere,30.87k Euro,Gaetano,Mastroianni,32,13/03/1991,Roma,Italia,EIGIVD32U46K612Y
,380.27k Euro,Antonia,Badoer,105,24/09/1918,Roma,Italia,ADOZYN41D58T583J
,319.73k Euro,Rosaria,Tencalla,54,24/03/1969,,Francia,KBWIRA30C14U324X
medico,123.76k Euro,Gioachino,Jilani,79,10/06/1944,Roma,Francia,YZHCVE79H86K509K
avvocato,470.13k Euro,Caterina,Abatantuono,97,28/11/1926,Roma,Francia,AJUMDY33M32Q305L
ingegnere,225.76k Euro,Fredo,Guglielmi,122,30/03/1901,Milano,Francia,XOJLIO90X82U950C
ingegnere,324.0k Euro,Nicola,Badoglio,106,16/11/1917,,Francia,YZHQPQ85Q09E290P
medico,27.97k Euro,Paloma,Carriera,123,30/05/1900,,Italia,FH14UP8EQ7OWC170
,337.73k Euro,Micheletto,Emanuelli,49,29/03/1974,,Francia,KMGHGA65F80X313B
medico,324.4k Euro,Elena,Santorio,N/A,29/02/1980,Napoli,Italia,JNQHPW94D68B583C
medico,306.83k Euro,Gaetano,Turchetta,42,22/08/1981,Milano,Italia,ZQTT2O4EU9V8NQ3Q
medico,61.52k Euro,Aria,Mercadante,35,06/09/1988,Roma,Francia,RQPOAY48N48D165S
avvocato,266.3k Euro,Rosina,Gussoni,85,23/05/1938,Napoli,Italia,DKEFJK55T86K333O
avvocato,419.43k Euro,Rita,Pausini,105,26/11/1918,Napoli,Francia,KGADAR86T40M568U
medico,301.54k Euro,Enzio,Gargallo,104,13/12/1918,Roma,Italia,AZIUSS18Z88H326C
ingegnere,214.56k Euro,Giulia,Giannone,90,22/06/1933,Napoli,Italia,TGCXMJ03N40P164E
medico,18.17k Euro,Elladio,Bajardi,89,04/07/1934,,Italia,UVGZXQ90A96V879Y
medico,68.57k Euro,Tina,Spallanzani,52,25/09/1971,Milano,Italia,SAMKMF85P74A466G
ingegnere,158.9k Euro,Sergius,Calarco,107,17/03/1916,,Francia,2HMT85OM734I32KO
ingegnere,265.64k Euro,Ludovica,Calgari,50,16/11/1973,,Italia,IGECRS39X15Y634M
,357.49k Euro,Eliana,Giannini,27,05/11/1996,,Francia,TCWIQI61Q91D459Z
avvocato,468.75k Euro,Gianluca,Barbarigo,25,13/06/1998,Milano,Italia,ANGVER71Z98U521Y
,62.38k Euro,Simonetta,Palombi,N/A,29/02/1980,,Francia,25GZZHUEDQOPEEXZ
medico,211.61k Euro,Pierina,Mantegna,110,03/12/1913,Napoli,Italia,TBBBBP47E46S683T
,221.14k Euro,Giancarlo,Peruzzi,N/A,29/02/1980,Napoli,Italia,WLHZGJ26A41X874R
medico,269.9k Euro,Ennio,Fischetti,25,09/11/1998,Milano,England,SMGYKP37D16J245S
ingegnere,170.76k Euro,Elvira,Matteotti,92,15/02/1931,Roma,England,RQCQGA40U27L630E
medico,456.19k Euro,Hugo,Endrizzi,109,25/06/1914,Napoli,Italia,BPZKJF62E61F051N
ingegnere,110.31k Euro,Umberto,Papetti,77,11/04/1946,Milano,Italia,SMNLEV64R80T798D
avvocato,264.59k Euro,Biagio,Bembo,97,27/11/1926,Roma,Francia,UDBXPX23K70N459E
ingegnere,221.26k Euro,Pierluigi,Depero,116,22/07/1907,Roma,England,OWVIYK26Q48H614B
,217.57k Euro,Giovanni,Borzomì,119,27/10/1904,Napoli,Italia,QOKNIH53J29C613Q
avvocato,342.17k Euro,Ruggiero,Mercantini,58,08/02/1965,Milano,Francia,XCJRZV44C52C476O
ingegnere,184.52k Euro,Melissa,Bruno,87,09/02/1936,Roma,Francia,T3X7KRS2YWO4RTIQ
avvocato,110.54k Euro,Temistocle,Cabrini,28,03/06/1995,Roma,England,RJCXCC02Y50X671A
avvocato,316.45k Euro,Osvaldo,Pisaroni,96,03/02/1927,Roma,Italia,20VS4QYCXVG6PUO1
,318.45k Euro,Pasqual,Opizzi,27,08/04/1996,Roma,Francia,LYKZPP94R68E344Z
,368.6k Euro,Chiara,Nibali,82,17/08/1941,Napoli,Italia,TFJCKO29U87G179R
medico,443.97k Euro,Eraldo,Tencalla,69,20/01/1954,,Francia,OGWOTU52T64H860I
avvocato,152.76k Euro,Corrado,Coppola,112,02/09/1911,,Italia,ZVJRTI63R86G701U
avvocato,369.74k Euro,Concetta,Canova,46,14/10/1977,,Italia,TPBVDZ42G21U674F
ingegnere,163.13k Euro,Arsenio,Puglisi,84,07/02/1939,Napoli,Italia,XNDWMH00P48N023M
medico,353.58k Euro,Amleto,Paolucci,90,30/10/1933,,Italia,CDSGHN00P98J473Q
medico,241.47k Euro,Aria,Ferrucci,N/A,29/02/1980,Napoli,Francia,VRJLJK63P02U741B
ingegnere,220.65k Euro,Cirillo,Garzoni,80,16/07/1943,Roma,England,VDPBWR89V70J996A
avvocato,259.02k Euro,Costanzo,Squarcione,72,30/06/1951,Roma,Francia,LTBLTE19W98P032F
avvocato,95.21k Euro,Bianca,Govoni,77,10/02/1946,Napoli,England,OCLZDB91U19V470S
medico,185.58k Euro,Michela,Callegari,N/A,29/02/1980,Milano,Italia,UJVXIH43L86H076X
,191.9k Euro,Marco,Grisoni,N/A,29/02/1980,Milano,Italia,EKMBMX45Q67T591H
ingegnere,164.68k Euro,Adriana,Garobbio,96,29/04/1927,Napoli,Francia,QNYAFO61N55M527M
avvocato,265.32k Euro,Gioacchino,Lattuada,87,25/07/1936,,Francia,WMGGWR24B53M212I
ingegnere,360.87k Euro,Enrico,Siffredi,47,04/06/1976,Milano,Italia,SKTUCN48W91C653V
,467.72k Euro,Sandro,Tamburini,68,19/02/1955,Milano,England,DURKIO98C19L049P
medico,338.11k Euro,Annalisa,Andreotti,85,16/07/1938,,Italia,DPHLLT43W27B703V
ingegnere,222.07k Euro,Rosalia,Faggiani,55,12/11/1968,Napoli,Francia,IGQUTZ36M57F779L
ingegnere,106.94k Euro,Vincenzo,Rienzo,29,24/07/1994,,Francia,HUX9W6DOO0UCL9EJ
ingegnere,330.26k Euro,Adelmo,Bongiorno,63,04/02/1960,,Francia,VFAHHA92T93C705V
medico,157.75k Euro,Antonello,Sobrero,100,12/11/1923,Milano,Italia,SDCWGB73S04O000L
ingegnere,392.74k Euro,Fabrizia,Pisacane,85,24/02/1938,Napoli,Italia,EZAVEK18X06X169R
avvocato,74.64k Euro,Diana,Galeati,92,23/12/1930,,Italia,NKKBHH29G44W197R
medico,317.82k Euro,Franco,Meucci,106,23/08/1917,Milano,Italia,TADRSB15J67F409F
medico,29.16k Euro,Donato,Montessori,115,30/11/1908,Napoli,Italia,LQQBFY43K44F545W
ingegnere,167.09k Euro,Rossana,Opizzi,N/A,29/02/1980,Roma,Francia,YSENIF21H66Q054H
medico,66.68k Euro,Rosa,Tamburini,41,11/04/1982,Milano,England,PJHYSS33N03I585G
,125.91k Euro,Sonia,Staglieno,25,25/05/1998,Napoli,Francia,THMSYX47X65E854T
ingegnere,429.23k Euro,Aldo,Mogherini,122,24/05/1901,Napoli,Francia,JHTFEK72Z21G627U
ingegnere,17.45k Euro,Nina,Bodoni,N/A,29/02/1980,,Francia,LXPFGH21W53W084H
,430.41k Euro,Goffredo,Franzese,86,23/03/1937,,Italia,RTOQXM68Q31I919S
ingegnere,171.43k Euro,Melania,Pavanello,76,28/02/1947,,England,ZFDOZM77W00M393K
ingegnere,484.41k Euro,Olga,Trussardi,75,31/10/1948,,Italia,ERPXEK70F37G296A
,188.85k Euro,Costanzo,Desio,101,22/11/1922,Roma,Italia,KEGJKP26Q81F329D
,146.53k Euro,Chiara,Vitturi,38,14/02/1985,Napoli,Italia,M0WHV9PVI10N45MY
avvocato,314.75k Euro,Maria,Taccola,58,05/11/1965,,Italia,OOZHFQ13N70H457X
,387.01k Euro,Tonino,Capuana,46,24/11/1977,Napoli,Italia,QVBBWR05N57H563S
medico,435.37k Euro,Gabriella,Ceri,23,26/12/1999,Roma,Francia,QRNAFJ34R23S244Z
ingegnere,148.16k Euro,Gianfranco,Cattaneo,89,02/03/1934,Milano,Francia,UIKFBD82M11S686A
ingegnere,222.05k Euro,Fiorenzo,Bataglia,95,06/08/1928,Napoli,England,SGGZHR31Q49D779X
ingegnere,39.84k Euro,Guarino,Mancini,86,06/04/1937,Napoli,Francia,MSNHZJ51T55Z356L
,93.69k Euro,Ernesto,Cianciolo,48,08/08/1975,Napoli,Italia,HVHPZU16P12U591O
ingegnere,49.14k Euro,Fulvio,Gaggini,72,05/09/1951,Roma,England,NJWTMQ46X36E661F
,110.71k Euro,Pierangelo,Bellucci,29,05/04/1994,Milano,England,MJIRJY49V81C037L
medico,49.94k Euro,Angelo,Collodi,99,28/08/1924,,England,HPNQMH21H05K108C
medico,105.44k Euro,Antonietta,Duse,63,19/01/1960,,England,NCMWWH15F41R417B
,466.96k Euro,Benedetto,Donatoni,109,09/03/1914,Napoli,England,UECKKM59V97F325E
medico,326.26k Euro,Antonio,Paolini,60,25/07/1963,Roma,Francia,ABEOXM52K73Q293A
ingegnere,349.7k Euro,Geronimo,Fagiani,118,13/06/1905,Milano,England,AQKKFV22C74Z717V
avvocato,364.8k Euro,Amalia,Rensi,57,10/12/1965,Napoli,Italia,QBMMJF82X54H906K
ingegnere,81.89k Euro,Pier,Guicciardini,119,06/10/1904,Roma,England,CCTCUS74X83A255L
medico,363.43k Euro,Salvatore,Pistoletto,42,06/03/1981,Milano,Italia,ZMROVR36T22Y577X
avvocato,345.65k Euro,Rosalia,Fieramosca,42,27/12/1980,Napoli,Francia,EPM3KCD511MIEX9D
ingegnere,106.22k Euro,Eliana,Pignatti,N/A,29/02/1980,Napoli,Italia,NLAFWF44W79M889F
medico,443.51k Euro,Emilio,Moccia,92,06/05/1931,Napoli,Francia,FLYGAO79J25R134E
,316.96k Euro,Fiorino,Vendetti,N/A,29/02/1980,,Francia,IGZZUR75Q67P815X
avvocato,301.0k Euro,Sole,Totino,78,14/01/1945,,Italia,SKXXCB51V09Q069J
,51.14k Euro,Elladio,Coardi,49,19/10/1974,Napoli,Francia,UWZTNQ49Q32K027W
avvocato,256.15k Euro,Durante,Palumbo,N/A,29/02/1980,Milano,Italia,ZE3US5407AJ82L3M
ingegnere,87.68k Euro,Gianluigi,Vitturi,33,13/11/1990,Napoli,Francia,AWWBET96D24K398I
ingegnere,351.98k Euro,Luigina,Pertini,N/A,29/02/1980,Roma,England,PXLZJF99A81A077P
,357.86k Euro,Mattia,Tozzi,24,01/02/1999,Napoli,Italia,ZSYQJV45M56Q517O
avvocato,126.16k Euro,Nicoletta,Rastelli,96,19/03/1927,Milano,Italia,MLCUGR51N95D842R
medico,155.63k Euro,Tina,Jovinelli,42,08/05/1981,,Francia,ZAOUIE39G91S381U
avvocato,146.24k Euro,Ansaldo,Tamburi,70,07/01/1953,Roma,England,NT7XMDB0G79EPB90
ingegnere,447.39k Euro,Pellegrino,Vergassola,93,08/02/1930,Milano,Italia,TDMZUS45Y19Q906Y
medico,137.13k Euro,Manuel,Fermi,51,28/08/1972,Roma,Francia,KCCSKB88Q75M513M
medico,337.91k Euro,Mirco,Marazzi,94,09/05/1929,,Francia,LGLKUQ40K94G922P
avvocato,486.76k Euro,Amanda,Filangieri,26,07/02/1997,Napoli,Italia,ZHTEQV35W62F454S
medico,336.15k Euro,Carolina,Orsini,102,16/07/1921,Roma,Italia,DUYIWI65P80L682E
medico,492.5k Euro,Paolo,Fioravanti,80,13/01/1943,,Italia,HVYCOY99P95N433E
medico,56.92k Euro,Lucia,Pedrazzini,119,07/01/1904,Roma,England,VQPADH94O06B114B
avvocato,400.48k Euro,Bruno,Cuzzocrea,45,10/04/1978,Milano,Italia,TNIPDN73K31H041O
ingegnere,393.52k Euro,Dario,Lanfranchi,75,06/05/1948,Napoli,Francia,171ST8A1KHNNJDGZ
,493.78k Euro,Damiano,Comolli,102,24/03/1921,Napoli,Italia,0EA2DJ0B5X59SNS1
,479.79k Euro,Pompeo,Travia,55,02/10/1968,Roma,Italia,MZIZGD47K75C868H
ingegnere,462.16k Euro,Antonina,Accardo,46,07/04/1977,Napoli,Italia,DYSIIY72G41Q628C
,85.54k Euro,Piero,Puccini,120,28/08/1903,Napoli,England,SOWPTA61J19S858P
ingegnere,250.58k Euro,Mariano,Fiorucci,97,07/08/1926,Roma,Francia,FPABYV03Q56N237N
,268.4k Euro,Guarino,Argurio,58,10/05/1965,Milano,Italia,CSNWNN36L67S252P
medico,238.44k Euro,Armando,Porcellato,72,08/05/1951,Milano,England,TSCAWN20F97M865K
avvocato,418.2k Euro,Piersanti,Botta,46,22/02/1977,Milano,England,74IE4HOOLS6LIFZU
,456.92k Euro,Nico,Borghese,N/A,29/02/1980,Milano,Italia,NQRFVY55F01M350J
ingegnere,351.13k Euro,Valeria,Caetani,36,01/10/1987,Roma,England,IMXXZT17R78T137T
avvocato,28.95k Euro,Gustavo,Gucci,N/A,29/02/1980,Milano,Italia,HIAMEY93I60K988X
,204.03k Euro,Nicola,Toscani,44,07/05/1979,Milano,Italia,DJOUFH60I73E909F
avvocato,136.01k Euro,Alderano,Granatelli,69,30/03/1954,Milano,England,YDLLUS22W99Z389O
avvocato,279.1k Euro,Gianmarco,Gotti,65,11/06/1958,Napoli,Italia,WLDUQI26J03R222M
ingegnere,113.16k Euro,Dario,Folliero,123,02/04/1900,,Italia,ZHELZA20A59E112L
ingegnere,64.81k Euro,Piermaria,Lerner,96,12/05/1927,Napoli,Francia,QNJMBR19G34V245S
medico,479.51k Euro,Tullio,Merisi,52,08/12/1970,Milano,Francia,LNPGLJ61L75G178H
avvocato,449.25k Euro,Giustino,Ariasso,121,10/02/1902,Napoli,Italia,HJYJQE52Z06Y198S
avvocato,332.96k Euro,Mariano,Golgi,107,08/06/1916,Milano,Italia,ZXHYPA53C68E865W
medico,105.11k Euro,Ezio,Ferragni,83,29/06/1940,,Francia,JATXAA55B07M289K
,170.3k Euro,Fabio,Toso,105,08/01/1918,Roma,Italia,KLFBFZ28G06R813W
avvocato,279.55k Euro,Lauretta,Zoppetto,83,15/12/1939,Napoli,Italia,GYYVJQ47N73T079L
,307.83k Euro,Antonia,Barese,101,01/11/1922,Roma,Italia,DBAGTL33K17C945G
medico,175.14k Euro,Lucio,Munari,54,09/04/1969,Milano,Italia,D0UUEHO9ZLMETPM4
medico,280.88k Euro,Anita,Renzi,N/A,29/02/1980,Milano,Francia,YFIBVT12L85G848X
medico,404.96k Euro,Renata,Rossetti,95,23/04/1928,Roma,England,SQQWPO40Y92Z935A
ingegnere,299.15k Euro,Ricciotti,Guidotti,63,03/06/1960,Milano,Italia,CERDOV94E00L937J
,315.65k Euro,Venancio,Conti,102,07/09/1921,,England,TBB8TDOV17QCTBJN
,94.99k Euro,Goffredo,Catenazzi,68,12/11/1955,,England,EJWUWM09S57J000T
avvocato,440.57k Euro,Ugolino,Dovara,121,27/09/1902,,Italia,FWMZRA12E67T109E
,491.44k Euro,Luca,Cagnin,N/A,29/02/1980,,Italia,YTOPUU74E48P065L
ingegnere,290.48k Euro,Mirko,Proietti,115,15/09/1908,Roma,England,3ODTJBX3G7NJTOUT
,439.84k Euro,Loretta,Pirandello,52,01/10/1971,Milano,Italia,DACCFD52J69X616R
,140.47k Euro,Eraldo,Niscoromni,72,13/05/1951,,Francia,ISOXCT48F91R229X
medico,193.6k Euro,Jacopo,Callegaro,107,22/10/1916,,Francia,HDQWEK17X17F365S
ingegnere,190.79k Euro,Patrizio,Traversa,106,08/01/1917,Milano,Italia,HYYOYG42F12B354F
medico,50.31k Euro,Flavio,Buscetta,27,02/08/1996,Roma,Italia,GRGKKJ99H54I426H
ingegnere,133.06k Euro,Ignazio,Interminei,N/A,29/02/1980,Napoli,Francia,FUBAIG96M99Y104K
,435.57k Euro,Oreste,Asmundo,28,14/01/1995,Roma,England,COJJHR06S33J387X
medico,249.16k Euro,Concetta,Curatoli,52,04/03/1971,Roma,England,XG9GFW2E92IAA9HC
medico,20.95k Euro,Maria,Leopardi,67,25/07/1956,Roma,Italia,HAGCYF77T65A814T
medico,299.61k Euro,Matilda,Jilani,108,12/12/1914,Milano,Italia,YRUJAT22P73L619C
ingegnere,442.54k Euro,Fernanda,Gozzano,104,11/11/1919,Roma,Italia,XDSIBJ23I60F871S
ingegnere,462.8k Euro,Pierina,Trevisani,98,12/12/1924,Milano,Francia,CRIGUP74U05X147Q
medico,332.67k Euro,Giovanna,Tamburello,86,09/06/1937,Milano,England,MMYFWD44B17V818T
,295.72k Euro,Galasso,Manzoni,44,24/01/1979,Roma,England,ZRKKJO18F14X305F
ingegnere,58.78k Euro,Chiara,Ferretti,42,19/08/1981,,Francia,G85H1Y1TA1FEFROR
avvocato,272.77k Euro,Benedetto,Toldo,67,18/09/1956,Milano,Italia,LFYVLF16I94G840G
,299.87k Euro,Sandra,Anguillara,47,21/04/1976,Milano,Francia,AIHANV49I85P093B
ingegnere,251.23k Euro,Liberto,Sforza,84,21/06/1939,Napoli,Italia,SUJFIW47W82G987U
avvocato,371.32k Euro,Giulietta,Vigliotti,61,15/03/1962,Roma,Italia,DEEKOV08F85E908T
avvocato,325.99k Euro,Romina,Romano,37,03/10/1986,Napoli,Italia,WKJEEX41V22P913E
,314.27k Euro,Paulina,Bonino,78,23/05/1945,Milano,Italia,VWGMTC41S20W150Y
,496.85k Euro,Elvira,Abbagnale,76,12/04/1947,Milano,Italia,LTT4V1JZ9DAJW92V
medico,87.96k Euro,Franco,Cugia,51,05/09/1972,,Francia,15INRAA7FZPB9C62
,254.21k Euro,Laureano,Guicciardini,47,04/11/1976,Milano,Francia,RW4LT0BF5M9F5PAP
avvocato,80.96k Euro,Adamo,Ariosto,120,29/05/1903,,Italia,KZDXG1CKBLRRGBKZ
avvocato,386.55k Euro,Michelotto,Giulietti,26,05/05/1997,Milano,Italia,HSFWNZ47L80F539E
,392.91k Euro,Ricciotti,Mezzetta,114,19/05/1909,,Italia,HXCWDS51H71V157R
,116.22k Euro,Romana,Farnese,120,06/04/1903,Napoli,England,KFQGFM36S56U538O
medico,230.18k Euro,Martino,Tozzo,112,24/05/1911,,Francia,NNMXUB10T86U970V
ingegnere,90.58k Euro,Cristina,Panatta,39,29/11/1984,Roma,England,UMFBFM14J39E989O
,15.42k Euro,Lisa,Vecoli,44,19/10/1979,Roma,Italia,DVLDMZ56R76H491W
avvocato,107.8k Euro,Liana,Dandolo,42,01/01/1981,Napoli,Italia,GFWUOU83P89V445M
medico,11.34k Euro,Nico,Fabrizi,52,29/09/1971,Milano,Italia,QIMGHE34X38Z051S
ingegnere,31.35k Euro,Antonino,Trillini,25,11/01/1998,,Italia,NLDAUK27Z78G519K
medico,76.76k Euro,Annibale,Cainero,38,11/05/1985,Napoli,Francia,6U9119Z51RL2DQGD
avvocato,251.94k Euro,Sabatino,Nordio,28,10/05/1995,,Italia,OWEZSZ05R25Z564E
,410.91k Euro,Marco,Vergerio,63,19/08/1960,Napoli,England,TYP5VJ5JP38MVANO
,195.63k Euro,Gianni,Riccati,101,03/07/1922,Napoli,Italia,EYRVTK67N90G643O
ingegnere,46.73k Euro,Ludovico,Luzi,92,01/04/1931,Milano,Italia,OQOABG34B07O522C
,87.55k Euro,Umberto,Lippomano,93,17/07/1930,,England,LKQPOQ04Y02R370Y
,18.13k Euro,Mario,Leone,60,08/06/1963,Milano,Italia,UVKHNC70I12A700Y
ingegnere,486.41k Euro,Corrado,Donini,116,30/10/1907,Milano,England,PKOWHW60N92H979I
medico,420.36k Euro,Gian,Babati,112,21/04/1911,Napoli,Francia,MQYGYG13F90T767X
ingegnere,16.82k Euro,Piermaria,Boccherini,27,26/10/1996,,Francia,QYPTBB89W31G980M
,165.57k Euro,Giorgio,Spadafora,58,14/12/1964,,Francia,HATYPV77L13Q832C
medico,441.57k Euro,Carolina,Mercalli,66,29/08/1957,Roma,Francia,PRAKCE73A96G369V
,362.51k Euro,Beatrice,Vespa,42,14/10/1981,Roma,England,JOKPCQ39V85N239G
avvocato,381.15k Euro,Luciano,Necci,77,20/12/1945,,England,LIGUOO07N66I653A
,119.61k Euro,Antonino,Milanesi,37,06/09/1986,Milano,England,OWSXZW62P10C294E
avvocato,403.87k Euro,Marta,Vercelloni,83,30/05/1940,Milano,Italia,YQSGGF15B52X348Q
,124.75k Euro,Guido,Pizziol,75,20/08/1948,Milano,Italia,JOWYXI86Q08H194H
avvocato,473.86k Euro,Teresa,Pellico,63,09/08/1960,,Italia,ETBGVL73A78K455J
medico,61.12k Euro,Elisa,Scarpetta,118,11/11/1905,Roma,Italia,REZFZW99T13M039S
avvocato,36.18k Euro,Filippa,Geraci,104,27/08/1919,Milano,Italia,DTFRTY31M65P595H
avvocato,442.52k Euro,Livia,Tarantini,55,03/01/1968,Napoli,England,FVMODX91Y04T998L
ingegnere,32.65k Euro,Amleto,Zacchia,39,26/08/1984,,Italia,VRQHQG48E66Y213G
,70.49k Euro,Eliana,Ginesio,71,03/10/1952,Napoli,Francia,NUATNV64F16I669R
,412.33k Euro,Costantino,Manacorda,105,14/11/1918,Napoli,Italia,WJFCGD14T65T427S
medico,44.5k Euro,Alessia,Lovato,N/A,29/02/1980,Napoli,England,KOBHGZ87A81X590O
avvocato,288.53k Euro,Vincenza,Navarria,103,06/04/1920,,Francia,ADLBSN26A77Z307P
ingegnere,130.34k Euro,Simone,Alighieri,N/A,29/02/1980,,Italia,42CTO3W158SXM3KJ
avvocato,11.32k Euro,Ilaria,Greggio,117,20/05/1906,Napoli,Italia,GSCNWQ08H12O635K
medico,477.42k Euro,Annalisa,Siffredi,51,15/09/1972,Milano,Italia,TXYZQL47M71Y605O
,301.52k Euro,Bianca,Santoro,35,28/12/1987,,Italia,ZFAPOG79U08Z921O
ingegnere,410.58k Euro,Ezio,Russo,32,29/06/1991,,Francia,XEMLPU10J69Q031T
ingegnere,109.66k Euro,Virginia,Fabrizi,85,09/05/1938,Napoli,Italia,CDTRGR58B21B141V
ingegnere,198.17k Euro,Diana,Scarfoglio,122,26/08/1901,,Italia,E5YTCLR9MOMGEVIH
,274.23k Euro,Luciana,Mantegazza,N/A,29/02/1980,Roma,Francia,PHSEAS83V88D701U
ingegnere,293.9k Euro,Priscilla,Carducci,64,20/01/1959,Milano,Francia,IHBMNO92P11U100Q
medico,277.16k Euro,Giulietta,Biagi,26,18/09/1997,Napoli,Italia,YUUCYG19X98C049A
medico,27.2k Euro,Gianluca,Ricciardi,123,30/09/1900,Milano,Italia,SAVQKL85T62H123M
,329.75k Euro,Ferdinando,Redi,30,13/01/1993,Milano,Italia,PEBOKU25L39U648J
medico,111.7k Euro,Gianni,Maderna,44,11/12/1978,Roma,Italia,PBCXXU71F75C953H
avvocato,307.87k Euro,Vito,Chigi,118,02/07/1905,,Italia,MYASXS37H34W101N
avvocato,451.75k Euro,Federigo,Agostinelli,38,10/01/1985,,Italia,HMWVJK40A24S009I
,73.67k Euro,Isabella,Fogazzaro,95,18/08/1928,,Francia,KQWEQQ33Z77X076N
medico,335.32k Euro,Erika,Barcaccia,26,26/04/1997,,England,TKDFRW23Q38A151D
avvocato,105.66k Euro,Irma,Lucciano,123,21/02/1900,,Italia,WHGRZI00W74E877W
,428.0k Euro,Daria,Trebbi,38,08/12/1984,Napoli,England,EUIVJQ31V26H276T
medico,387.83k Euro,Giancarlo,Barsanti,121,22/09/1902,,Italia,XGJIPN15A46C756K
medico,322.04k Euro,Luigi,Pagnotto,108,04/04/1915,Napoli,Italia,SZIUGM02V05J705M
ingegnere,323.25k Euro,Toni,Tagliafierro,44,31/05/1979,Napoli,England,FOQXPA64F25E587S
medico,404.91k Euro,Saverio,Mercati,74,04/11/1949,Milano,England,OCGRMR80W13S122Y
avvocato,207.11k Euro,Ugolino,Ruggeri,111,13/01/1912,Roma,England,IVBNVJ97Z54H266O
ingegnere,158.35k Euro,Piergiuseppe,Semitecolo,38,28/12/1984,,Italia,RQUJIV57M74A972U
avvocato,347.17k Euro,Baldassare,Liguori,53,29/12/1969,Milano,England,1TLAIRA4XW4U27EE
ingegnere,376.45k Euro,Aldo,Faranda,58,09/12/1964,Milano,England,NJZMWP22J42I529A
,488.48k Euro,Stefano,Gianetti,87,30/01/1936,Milano,Francia,JCPOED62N96K930S
avvocato,248.68k Euro,Sylvia,Gentileschi,122,06/03/1901,,Italia,YGKGJP12K41E741D
ingegnere,428.05k Euro,Aria,Canetta,58,22/09/1965,Milano,England,UHYVQV29N65V761K
avvocato,418.36k Euro,Elvira,Lercari,52,13/12/1970,Milano,Italia,BPMQNT06A81X919O
medico,346.51k Euro,Micheletto,Trentini,59,10/06/1964,Napoli,Francia,XZFANJ85G69R188U
ingegnere,29.13k Euro,Giampiero,Finetti,100,28/09/1923,Napoli,Francia,TW12DI8OHTIQYSDB
avvocato,272.21k Euro,Bernardo,Notarbartolo,74,25/10/1949,Milano,Italia,LXYTFE10G36F845F
avvocato,366.75k Euro,Niccolò,Ferrata,39,08/02/1984,Roma,Francia,HRJQIO95M03Y291L
medico,478.44k Euro,Marcello,Gianetti,37,18/06/1986,Milano,Italia,KIPNNE65J33T311Y
,34.87k Euro,Enrico,Brancaccio,119,05/10/1904,Napoli,England,TAGXVH84W66N158Q
ingegnere,212.14k Euro,Pina,Bernardini,63,18/04/1960,,England,LRYLRU81K62Q334W
medico,415.28k Euro,Cristina,Montessori,99,22/01/1924,,England,VNFMUB77K91W739H
,291.87k Euro,Durante,Niggli,82,10/11/1941,Napoli,Italia,CVTCRI48M50B845G
,267.48k Euro,Patrizia,Bonomo,47,13/01/1976,Napoli,Italia,EZIJEJ05C64G476N
ingegnere,379.79k Euro,Giancarlo,Agostinelli,60,10/01/1963,,England,FTFYPR40K75Y835X
ingegnere,206.13k Euro,Flora,Serlupi,77,15/09/1946,,Italia,NRSCGE86S71J937I
ingegnere,62.93k Euro,Livia,Cocci,N/A,29/02/1980,,Italia,VIYFVI92F76U374K
medico,422.28k Euro,Calcedonio,Manacorda,N/A,29/02/1980,Napoli,Francia,TGIKGG25F64O759J
ingegnere,127.97k Euro,Napoleone,Filangieri,116,25/09/1907,,England,03PAHWLWZ7YAMZTT
ingegnere,115.5k Euro,Achille,Storladi,45,07/03/1978,Milano,Italia,KRENCH26S39O838Z
medico,297.44k Euro,Barbara,Ostinelli,73,16/03/1950,Napoli,Francia,I72TYDKY9W8W324X
ingegnere,237.26k Euro,Giampiero,Borsellino,88,19/11/1935,Milano,England,9DJQ8WBUEBQVR340
medico,321.82k Euro,Ignazio,Impastato,115,19/04/1908,,Italia,SLIELU73S99N203B
medico,299.95k Euro,Ermenegildo,Schiavone,115,11/06/1908,,Francia,PBCJEY13Q59A869C
ingegnere,265.99k Euro,Benvenuto,Chiappetta,N/A,29/02/1980,,Italia,FHBPTC38Q40L435J
,136.2k Euro,Durante,Duse,123,30/10/1900,Milano,Italia,AWXNTE81Z03L832L
avvocato,192.83k Euro,Liliana,Palmisano,118,21/07/1905,Roma,England,XPKFPA83U11Y244B
avvocato,157.72k Euro,Ida,Letta,66,25/01/1957,Milano,Italia,NPSQYS78W92D646V
ingegnere,262.13k Euro,Patrizia,Filippini,112,25/04/1911,Milano,Francia,W2A0E654QYCO388T
ingegnere,360.1k Euro,Amleto,Tarantini,28,05/11/1995,Milano,Italia,XDWIYL44H05N362L
ingegnere,497.67k Euro,Angelo,Toscani,77,21/02/1946,Milano,Italia,NYJAW8IHOWR4G375
avvocato,347.51k Euro,Laura,Marino,31,08/03/1992,,Italia,TJEOUQ17M73V530Z
,164.67k Euro,Delfino,Lattuada,30,22/05/1993,,Italia,KMDPCD30W05G223C
,277.27k Euro,Nanni,Garibaldi,94,11/05/1929,Roma,Francia,NPRNNU88M34N815R
ingegnere,475.83k Euro,Tiziana,Durante,86,18/07/1937,Milano,Italia,OINHFL19M91J445L
,495.62k Euro,Telemaco,Monteverdi,93,31/03/1930,,England,BNWEKI78W63A902F
,481.98k Euro,Ettore,Carocci,38,11/12/1984,Napoli,England,WKLVOL29J23S557U
medico,157.64k Euro,Luigi,Cocci,29,22/01/1994,,Francia,HDCLZR98A60N563W
medico,396.52k Euro,Antonina,Camanni,106,06/07/1917,Milano,Italia,OKNTQR86B31D246I
ingegnere,405.52k Euro,Lolita,Crispi,119,04/07/1904,Milano,Italia,IJWGZR51F34S107O
medico,253.48k Euro,Federico,Martinelli,105,27/09/1918,Napoli,England,GXYASA99K33Y453F
ingegnere,426.8k Euro,Cirillo,Grifeo,N/A,29/02/1980,,Italia,JFAEUP27H46M232F
ingegnere,260.44k Euro,Angelina,Gottardi,83,04/09/1940,,Italia,UPWZKK08A27O414W
medico,112.7k Euro,Milena,Segni,90,14/05/1933,Roma,England,DACTUY25A56Q230X
avvocato,324.23k Euro,Manuel,Rosmini,98,28/07/1925,Roma,Italia,BLJWOX87V97E915H
ingegnere,331.72k Euro,Alphons,Agostini,117,25/09/1906,,England,YVQCRW37T30P855L
medico,258.76k Euro,Flora,Trevisani,N/A,29/02/1980,Roma,England,DLNMBX41I04Y203R
medico,451.3k Euro,Ennio,Ossola,99,27/02/1924,Milano,England,LPQVHJ73J65C076B
medico,342.69k Euro,Marco,Berengario,102,29/03/1921,,Italia,YSVRIV48X10K339M
avvocato,337.55k Euro,Filippa,Gagliardi,113,28/07/1910,Napoli,England,QXFWPD71L62Q775A
medico,416.13k Euro,Massimiliano,Govoni,110,17/09/1913,,Italia,PSYOQI78E09M840I
avvocato,110.33k Euro,Susanna,Basso,102,08/09/1921,,Francia,VADVGC52K80B577P
medico,86.28k Euro,Raffaella,Marino,115,28/02/1908,,Francia,8YZ1H5TWGY0JXIP1
ingegnere,245.06k Euro,Gianpietro,Antonacci,92,24/06/1931,Napoli,Francia,SJKNLD72Z16V692V
ingegnere,51.68k Euro,Pomponio,Angiolello,33,22/11/1990,,Francia,BCPQXL24U26A784D
medico,197.33k Euro,Amadeo,Comeriato,96,31/12/1926,Roma,England,DPDWJS46N94O253S
medico,115.8k Euro,Diana,Pergolesi,33,26/05/1990,,Italia,AZLONI83R68X977N
ingegnere,425.67k Euro,Elladio,Paolucci,75,19/06/1948,Roma,England,RQZQ76F4THHLNI4U
medico,283.4k Euro,Ronaldo,Durante,N/A,29/02/1980,Milano,Italia,RGCVEJ47H69N643B
,29.86k Euro,Lolita,Modigliani,75,14/02/1948,Napoli,Italia,FFCWMG96L27Z927C
avvocato,335.73k Euro,Rosa,Bassi,N/A,29/02/1980,Milano,England,JXDTHW12N19R796D
medico,413.11k Euro,Santino,Pietrangeli,88,28/03/1935,Napoli,Italia,3IN8F8KF2XAP3SKD
,247.01k Euro,Guarino,Soprano,90,01/05/1933,Napoli,England,RNZACI90D79Z250T
ingegnere,130.13k Euro,Simonetta,Gentili,72,05/12/1951,Milano,England,QQLWXR84H63Y062X
medico,149.77k Euro,Ignazio,Majorana,N/A,29/02/1980,,Italia,FEQURK14F81H290E
,289.84k Euro,Raimondo,Ferrante,48,01/12/1975,Napoli,Italia,GRGED38UQF3Y4AK7
ingegnere,293.56k Euro,Agostino,Duse,34,19/10/1989,Milano,England,YKNYZD52O39K765S
ingegnere,429.91k Euro,Dolores,Sokolov,23,17/06/2000,,Francia,FKTZUV36G06G978N
ingegnere,478.14k Euro,Mirco,Cicala,N/A,29/02/1980,Napoli,England,COCHGS44R93K784P
avvocato,474.77k Euro,Licia,Zichichi,74,12/09/1949,Roma,Italia,EJYOWP32S74S806A
avvocato,66.55k Euro,Durante,Paolini,97,27/02/1926,Napoli,Italia,SBRLWH31N25R223F
avvocato,41.62k Euro,Greco,Gramsci,111,17/02/1912,Roma,England,TMBAMW81A82D700R
avvocato,345.0k Euro,Leonardo,Battisti,44,07/11/1979,Milano,Italia,EWYSUY21S04F630I
ingegnere,163.39k Euro,Priscilla,Civaschi,82,04/08/1941,Napoli,Italia,DKFJGZ50D88U080A
ingegnere,381.69k Euro,Toni,Cusano,116,25/01/1907,Milano,Italia,BZLLVZ96S07R966I
ingegnere,390.53k Euro,Ansaldo,Bottaro,107,29/07/1916,Milano,Francia,LHUDLW05T74D984D
avvocato,357.34k Euro,Alfredo,Parpinel,90,15/11/1933,Roma,Italia,XQSUPE96C27N487W
medico,385.59k Euro,Dina,Soranzo,85,16/08/1938,Napoli,England,ZDWYKW90N70D483Q
avvocato,89.64k Euro,Clelia,Flaiano,102,03/03/1921,,Italia,JWMNHY75U07L574C
avvocato,484.41k Euro,Livia,Pace,47,30/06/1976,Napoli,Francia,DMYZLG72U76I927B
,434.32k Euro,Amalia,Morpurgo,77,07/12/1945,,Italia,ACJPZS69T90P130R
avvocato,23.21k Euro,Bruno,Mercati,77,25/06/1946,,England,RDBEJU73K98G370X
,59.87k Euro,Claudia,Nievo,94,09/09/1929,Napoli,Italia,ZYTSAJ51A91R334T
avvocato,357.96k Euro,Susanna,Sanguineti,95,11/11/1928,,Italia,VTUYDH62P27X803P
avvocato,140.56k Euro,Mariano,Missoni,24,18/08/1999,Roma,England,QWSARP27N89L638Q
ingegnere,337.4k Euro,Giustino,Meucci,114,15/12/1908,Napoli,Italia,IPTMFS33Y32K918C
,470.36k Euro,Eliana,Gritti,23,11/02/2000,,Francia,JTILGD02Y39W239I
ingegnere,298.51k Euro,Pellegrino,Udinesi,86,12/09/1937,Milano,Italia,MMMDXA32W12Y430U
,471.1k Euro,Fabio,Montesano,35,24/06/1988,Roma,England,LIKTF0JF2MM6DL59
ingegnere,332.07k Euro,Angelica,Lupo,32,05/07/1991,,Italia,VIGHVM22N53N203W
medico,366.56k Euro,Ermenegildo,Raurica,63,12/09/1960,Milano,England,QKXGBC45O66O229H
ingegnere,19.98k Euro,Gelsomina,Toldo,79,21/10/1944,Milano,Italia,HXRFIN90E57O354Q
,217.67k Euro,Lisa,Garobbio,63,16/06/1960,Roma,Italia,VHYXHF12O97Q013U
medico,373.04k Euro,Rolando,Dallara,115,15/07/1908,Roma,England,SKCLQH77B79O538W
ingegnere,490.99k Euro,Cecilia,Argenti,51,12/03/1972,Milano,England,WZNDWV65H01U569C
avvocato,329.6k Euro,Baccio,Russo,42,03/06/1981,Napoli,Italia,GAOBOZ59X39B032O
avvocato,310.29k Euro,Lilla,Omma,62,07/06/1961,,Italia,HXVKQH32C57B406E
,268.48k Euro,Marta,Gussoni,98,11/03/1925,,Francia,BTSQYX83P29M238Z
,65.07k Euro,Donato,Papetti,89,07/05/1934,,Italia,BPLVCH09D52D191N
medico,237.54k Euro,Alberto,Staglieno,56,12/11/1967,Milano,Italia,MFOYXY45W61P109D
avvocato,278.8k Euro,Camilla,Puglisi,79,21/04/1944,Napoli,Italia,AZLDIF25M60O262S
,448.97k Euro,Vincenza,Altera,89,18/10/1934,Milano,Italia,QPCQGQ27R97V466O
,291.26k Euro,Pellegrino,Serao,23,03/09/2000,,England,VIZMML02F65B875B
medico,320.87k Euro,Luciana,Cianciolo,121,27/12/1901,Napoli,Italia,NTXWIZ48V33B638X
,253.22k Euro,Amleto,Trillini,103,11/07/1920,Milano,Francia,LTBOQB74Y38A216C
,470.92k Euro,Pasquale,Andreozzi,92,11/07/1931,Roma,England,XJPXTZ36L43T887I
medico,297.32k Euro,Virgilio,Randazzo,93,08/04/1930,,Italia,KWVUIP40M90G632Y
ingegnere,492.15k Euro,Simonetta,Agostini,84,17/09/1939,,Francia,FDZMYN21G23H492S
avvocato,455.64k Euro,Niccolò,Seddio,99,02/04/1924,Napoli,England,XGWPHG62W59L221S
,363.05k Euro,Patrizia,Perini,102,30/05/1921,Roma,Francia,YZXHIQ86J75R093I
avvocato,169.72k Euro,Luigi,Comencini,26,26/05/1997,Roma,England,OTJNLQ99K73F870G
,190.88k Euro,Lara,Palumbo,99,09/05/1924,,Francia,UGKNQB94F09R126H
ingegnere,446.61k Euro,Marco,Pincherle,86,25/03/1937,Roma,Francia,FFBGGQ13Y58H742J
medico,310.49k Euro,Vittorio,Bettin,120,19/07/1903,,Francia,TPGDDS68O43B548Y
medico,449.76k Euro,Raffaele,Donati,35,13/11/1988,Milano,England,YDUWAS58G51E354U
ingegnere,463.87k Euro,Piermaria,Chigi,N/A,29/02/1980,Roma,England,MFXCEL19I50O957F
,159.78k Euro,Orazio,Giorgetti,23,23/05/2000,Milano,Italia,ULVOWS05A90A242S
ingegnere,375.86k Euro,Rita,Doglioni,35,11/11/1988,Milano,England,DLKFQX33U05N881D
avvocato,11.95k Euro,Guarino,Mattarella,N/A,29/02/1980,Roma,Francia,JAFVRJ47H95T645W
avvocato,94.51k Euro,Gianfrancesco,Donini,116,25/06/1907,Roma,Francia,ZQSPEU76E09I427C
,32.97k Euro,Guarino,Moschino,24,22/08/1999,Milano,Francia,DWNBMA28B60O934F
ingegnere,172.14k Euro,Gianfrancesco,Mastandrea,23,17/04/2000,Milano,Italia,QLZHLO39Y09I487M
avvocato,212.37k Euro,Ranieri,Saffi,51,19/10/1972,,Francia,TLQACA74N12M783X
ingegnere,393.0k Euro,Sandra,Costalonga,118,08/05/1905,Napoli,Italia,ROSDQU94H74R740E
avvocato,200.32k Euro,Federica,Cianciolo,N/A,29/02/1980,,Italia,ZHGQRG63M81T305C
medico,455.26k Euro,Pompeo,Ferraris,70,21/12/1952,,Italia,ZGBNZQ49I19B809Z
medico,169.92k Euro,Federigo,Piane,30,02/08/1993,Roma,Italia,SCAOAN64F54T775P
,97.88k Euro,Simone,Scamarcio,37,07/11/1986,Napoli,Italia,KZCYYY08I50Q828M
,225.8k Euro,Bettina,Vecoli,83,30/09/1940,Roma,England,OHKMGV90V20D664F
,131.97k Euro,Renata,Troisi,46,13/10/1977,,Italia,NQYPET38C38L379J
,328.19k Euro,Aurora,Pennetta,90,06/08/1933,,Italia,HRXIVP59R48T654L
medico,346.75k Euro,Giulia,Majewski,96,30/07/1927,Milano,England,WLWEVU33S54B161C
ingegnere,89.78k Euro,Ugolino,Giorgetti,54,09/12/1968,Napoli,Francia,CQ3PQ8D4KREH2263
medico,164.06k Euro,Gioele,Gargallo,53,05/04/1970,Milano,England,FYGSSU85X40L855W
avvocato,179.82k Euro,Eugenia,Toninelli,46,02/07/1977,,Francia,QVGORJ12Q63P316C
medico,441.12k Euro,Lodovico,Campise,86,05/03/1937,Milano,Italia,KISVYN12L88Y112N
avvocato,125.4k Euro,Pietro,Fiorucci,56,26/03/1967,Roma,Italia,GQQERZ78M40T314C
,496.36k Euro,Emilio,Mastandrea,123,15/07/1900,Milano,England,IZNISL92L60B815H
avvocato,436.05k Euro,Arturo,Schiavo,N/A,29/02/1980,Napoli,Italia,BFJFMS23C02K150X
medico,78.64k Euro,Armando,Rubbia,44,25/01/1979,Roma,Italia,IKGVMF82P70Z488Z
medico,388.55k Euro,Raffaele,Dallapé,111,24/05/1912,Napoli,England,FUIUBV91V70M045H
ingegnere,493.98k Euro,Laureano,Prati,43,15/08/1980,Napoli,Italia,FCYYBR93H00W744S
medico,259.51k Euro,Pierina,Cibin,102,05/08/1921,Roma,England,QZBHQW68Q68D246R
avvocato,213.41k Euro,Costantino,Turati,99,30/11/1924,Napoli,Italia,OPICLO46A81I509B
,38.67k Euro,Geronimo,Foa,31,22/03/1992,Milano,England,WHELTS51K05Y323U
ingegnere,12.28k Euro,Iolanda,Schiavone,104,13/05/1919,Roma,Italia,ALFHDN81Y11W453K
,158.95k Euro,Nico,Tamburini,97,05/02/1926,Milano,Italia,TJQSVL93V88F784M
medico,421.15k Euro,Temistocle,Antonetti,49,19/09/1974,,Italia,LVAODY27P63G995S
,481.29k Euro,Paola,Borghese,54,17/05/1969,Napoli,Italia,OPGUOT10D38C156M
medico,398.48k Euro,Vanessa,Flaiano,84,15/09/1939,Napoli,Francia,ODOVYA00U35S075M
,50.42k Euro,Gemma,Donatoni,46,30/03/1977,Napoli,Francia,MXRRQZ45W10V003I
,324.12k Euro,Ida,Vergassola,N/A,29/02/1980,Milano,England,UVK39FECTIICL421
ingegnere,101.14k Euro,Claudia,Battelli,N/A,29/02/1980,Milano,Italia,SWFREN47R06K141J
,468.81k Euro,Adamo,Gregorio,29,04/03/1994,Napoli,Italia,7KQ15CIHEQFYHQEY
,120.46k Euro,Benedetto,Govoni,37,18/06/1986,Napoli,England,DXMZYZ06U50W686D
avvocato,47.11k Euro,Dante,Belletini,37,24/06/1986,Milano,Italia,GGWZRY37M16L928T
ingegnere,45.4k Euro,Ranieri,Pace,45,03/02/1978,Napoli,Italia,KDZDGM92I72E554N
medico,370.23k Euro,Cassandra,Gentilini,87,09/12/1935,Napoli,England,YUEMJL37I48O143W
avvocato,151.81k Euro,Marisa,Fantoni,115,15/06/1908,Napoli,Italia,DBWSNOY00JXVYWVP
avvocato,291.63k Euro,Piero,Almagià,50,24/01/1973,Napoli,England,SNGOWY16Z77T448W
medico,127.07k Euro,Viridiana,Bonino,105,29/06/1918,,Italia,OPWVNF92T33P167X
,181.59k Euro,Gianmarco,Ficino,53,26/08/1970,Napoli,Francia,WUOG34568UY03NN1
,384.89k Euro,Lorenzo,Rienzo,42,29/03/1981,,England,JRADRJ82T20W328R
,344.26k Euro,Luchino,Tutino,89,30/11/1934,Napoli,Italia,XAMECB00I01L166B
ingegnere,124.88k Euro,Romina,Caironi,72,11/12/1950,Napoli,Francia,HPRXWK98Y90M760M
avvocato,65.95k Euro,Sandra,Falloppio,120,06/03/1903,Roma,England,EEWPGE35E62X052F
ingegnere,377.19k Euro,Caterina,Guarana,114,29/09/1909,Roma,Italia,AOECXY57N29A402W
ingegnere,418.83k Euro,Niccolò,Canevascini,95,20/05/1928,,England,GGWSXX78P14Y186M
ingegnere,146.35k Euro,Isabella,Gulotta,121,05/04/1902,Napoli,Italia,DMGWWY68Q15W005Z
,201.23k Euro,Rolando,Maderno,122,16/04/1901,,England,IVVRVE48K98C748O
,480.92k Euro,Federica,Saffi,93,14/03/1930,,Italia,SVLUFF88F76N006K
,179.09k Euro,Viridiana,Mondaini,40,29/12/1982,Napoli,Italia,IVZJUA42I94T025P
,495.23k Euro,Lara,Comencini,99,19/12/1923,Roma,Italia,DICZBY72R97V277Q
ingegnere,375.46k Euro,Antonello,Ferrazzi,53,15/10/1970,,Italia,VKVHUU63X88F910P
medico,155.91k Euro,Pierina,Martinelli,52,30/04/1971,Napoli,Italia,E2HM2I79N5D9ZNJ6
avvocato,258.73k Euro,Bruno,Finzi,64,23/02/1959,Milano,England,GBHOWV96Q49B814W
,298.91k Euro,Teresa,Agnesi,31,17/04/1992,Milano,England,BULFSC51N07A493P
medico,424.57k Euro,Serafina,Marinetti,27,05/03/1996,,Italia,PZNHEI81X03V958I
ingegnere,214.9k Euro,Donato,Mantegazza,65,19/08/1958,Roma,Italia,MOKPJO81E31V802F
medico,412.2k Euro,Lidia,Cannizzaro,25,28/09/1998,Milano,Italia,UBPLHH52C87K999F
medico,268.2k Euro,Lilla,Celentano,52,30/07/1971,Napoli,Francia,1P1V50FLO6J4PRDW
avvocato,145.57k Euro,Luigi,Chigi,121,11/06/1902,Milano,Italia,YZGQFG04Q25W539C
avvocato,294.44k Euro,Daniele,Granatelli,108,26/02/1915,Roma,Italia,QRVLTO92Q61B228E
medico,422.7k Euro,Lilla,Gullotta,86,09/06/1937,Milano,Francia,URTBDN60J41Z490W
ingegnere,487.96k Euro,Carmelo,Mazzini,57,05/12/1966,,England,GXPGUF85I80C651M
avvocato,19.14k Euro,Nicoletta,Caetani,98,15/09/1925,Napoli,England,MOTFQE85M03N941S
,135.52k Euro,Geronimo,Branciforte,51,27/01/1972,Napoli,Italia,FLKJMW43L03X141V
ingegnere,389.35k Euro,Torquato,Varano,N/A,29/02/1980,Napoli,Italia,HN356O0X6U2KSXXE
avvocato,140.07k Euro,Federica,Cimarosa,101,13/05/1922,,England,XXAGUW43H27W909X
ingegnere,291.72k Euro,Nicolò,Cugia,107,01/02/1916,Milano,Francia,CJUHNB98H39H304V
ingegnere,479.76k Euro,Salvatore,Mondaini,86,24/01/1937,Napoli,Francia,CMUNYZ28D69G030X
medico,316.39k Euro,Graziano,Mantegazza,78,21/08/1945,Milano,Italia,GLBJVJ79D71Z459Y
,36.45k Euro,Michela,Battelli,N/A,29/02/1980,Milano,Francia,ZLMDHB17C45S200W
ingegnere,406.59k Euro,Sole,Leoncavallo,N/A,29/02/1980,,England,VHDOLI45N04Y813O
medico,472.89k Euro,Angelina,Zito,94,08/10/1929,Roma,England,UQBEAV36W65V558O
medico,232.7k Euro,Giada,Trombetta,120,12/03/1903,Napoli,Italia,UPPNWQ95R96Q374A
,30.89k Euro,Alberico,Metella,72,14/07/1951,,England,EFDHAU21K42O254V
ingegnere,99.49k Euro,Massimiliano,Marconi,N/A,29/02/1980,Milano,Italia,VUCFSX74Q20K016C
ingegnere,157.22k Euro,Alfio,Dandolo,N/A,29/02/1980,Napoli,England,EQKKMB58Z12P779K
ingegnere,179.39k Euro,Coriolano,Verdone,123,30/01/1900,Milano,Italia,YUSCOR62P08T940O
ingegnere,171.2k Euro,Venancio,Pezzali,50,27/06/1973,Roma,Italia,JIMKOF77I31V265I
ingegnere,279.63k Euro,Tina,Biagiotti,91,14/10/1932,Napoli,Italia,MLHJTV62Q65Y204O
,476.75k Euro,Donato,Condoleo,91,05/07/1932,Napoli,England,ZYJSAF34O40S810C
medico,306.73k Euro,Paloma,Guarneri,108,09/10/1915,,Francia,VZWVBW23A37V214J
medico,93.05k Euro,Durante,Luxardo,123,21/11/1900,,Italia,VDZEON39G76U160O
ingegnere,61.34k Euro,Morena,Comeriato,102,21/05/1921,,Francia,BSOVPK62E86J330C
medico,441.41k Euro,Alina,Castelli,118,18/02/1905,,Italia,ROFNTN27B77W049D
avvocato,70.1k Euro,Annibale,Dalla,98,10/04/1925,Napoli,Francia,WVTNXO59C14H815E
ingegnere,305.28k Euro,Eleanora,Martucci,N/A,29/02/1980,Roma,Francia,UOKMTE38X31Q552O
,107.24k Euro,Carlo,Mazzocchi,N/A,29/02/1980,Napoli,Italia,SREQFG08D92F122L
,120.41k Euro,Evangelista,Toldo,42,23/10/1981,Milano,England,PRYAVF65J54Y121K
avvocato,307.56k Euro,Greco,Verri,111,29/04/1912,Napoli,Italia,MNLEWP09N15E607A
medico,131.3k Euro,Salvi,Maffei,N/A,29/02/1980,Napoli,England,MXZMAA21V94G414G
medico,65.29k Euro,Donatello,Siffredi,57,30/11/1966,Roma,Italia,KOKHPT05L26H938U
medico,324.01k Euro,Flora,Cusano,50,06/08/1973,Milano,Francia,EUKKBB84D12V114F
,479.56k Euro,Loredana,Bottaro,66,04/04/1957,Roma,England,KCXF2AOMRI8KUESU
medico,102.28k Euro,Michela,Pirandello,56,17/06/1967,Milano,Italia,SBDHPW21K99V220P
avvocato,491.68k Euro,Coriolano,Liverotti,94,07/03/1929,Milano,Italia,FBUWJD91E14U813I
avvocato,282.61k Euro,Edoardo,Veltroni,76,06/12/1947,,Italia,SRTTTR69B45L512I
avvocato,365.39k Euro,Arnulfo,Niscoromni,N/A,29/02/1980,Napoli,Francia,XBOIWV32V96B864K
ingegnere,412.97k Euro,Greco,Longhena,N/A,29/02/1980,Milano,Italia,DKCNDN27H02V335D
avvocato,268.85k Euro,Enzo,Puccini,88,11/01/1935,Napoli,Italia,PPKAUX29N22V141V
avvocato,93.49k Euro,Corrado,Chechi,49,10/01/1974,,Italia,AHCKWA94W38O300G
medico,498.8k Euro,Ermes,Terragni,54,10/01/1969,Milano,Francia,YOUEAK08B12I085K
medico,128.04k Euro,Livio,Lombardo,30,24/08/1993,Milano,Italia,VVOMDX78L26W705A
,276.5k Euro,Melania,Gaiatto,55,10/09/1968,Roma,Italia,KXRAKM27B22T623F
avvocato,452.22k Euro,Paoletta,Virgilio,32,24/10/1991,Milano,Italia,ZVVAIP91N58S891S
ingegnere,109.85k Euro,Eva,Calgari,64,06/05/1959,Milano,Italia,FIDQKC38K11I203I
,62.84k Euro,Dina,Totino,113,31/10/1910,Roma,Italia,IMTTHJ63T67I629J
,403.46k Euro,Cecilia,Salgari,109,22/02/1914,Roma,Italia,BPVRNE35I60U082I
,199.4k Euro,Sergius,Giorgetti,71,15/09/1952,Roma,Francia,ADRSGI86Z52K805X
medico,425.62k Euro,Lorenzo,Salata,52,29/04/1971,Napoli,England,BMQLEW85D20T275I
medico,126.94k Euro,Raffaellino,Novaro,55,14/01/1968,,Italia,IYTYUA10F32F885H
ingegnere,201.22k Euro,Pierpaolo,Tonisto,39,23/12/1983,,England,NLPWZS61K05R144C
medico,174.87k Euro,Lodovico,Barzini,55,29/06/1968,Napoli,Italia,TUSSNV78I16W345D
medico,383.46k Euro,Gianfrancesco,Gianinazzi,57,27/08/1966,Napoli,Francia,KLZWSR51Y19R052T
avvocato,383.16k Euro,Atenulf,Romagnoli,25,10/09/1998,Napoli,England,POWNHO83M08M894J
ingegnere,246.77k Euro,Giulietta,Ruberto,110,25/12/1912,Roma,Francia,GPAWNI32J54J293Z
ingegnere,246.14k Euro,Serena,Pasqua,94,31/12/1928,Roma,Francia,OCHNQK22E38K122K
medico,355.72k Euro,Annibale,Callegari,41,11/04/1982,Milano,Italia,BHZWQV36F46P832K
avvocato,150.83k Euro,Gabriella,Padovano,38,13/09/1985,Roma,Italia,1K5G67BVQXU7FD6T
medico,189.69k Euro,Ida,Peano,110,29/11/1913,Milano,Italia,JSNIOH39C24R040K
avvocato,289.64k Euro,Virginia,Giovine,72,01/03/1951,Milano,Francia,DEGLIQ67X15T744A
medico,209.56k Euro,Niccolò,Filogamo,67,25/03/1956,,Italia,AVJLIT22C80J061Z
avvocato,161.65k Euro,Giulio,Boezio,101,01/10/1922,Roma,England,OJLGTP14X20P271O
medico,83.88k Euro,Gianpaolo,Soprano,121,18/06/1902,,England,UIUESH34L00O273I
ingegnere,290.13k Euro,Pomponio,Spadafora,N/A,29/02/1980,Napoli,Italia,QMPFSV82Y01P920N
,400.24k Euro,Greca,Pavone,111,31/08/1912,Napoli,England,ULZQYS48F45J264C
ingegnere,136.85k Euro,Guarino,Vasari,57,27/03/1966,Napoli,Francia,OPHUXY73H95Q697U
medico,298.27k Euro,Federico,Gradenigo,29,15/02/1994,Napoli,England,XBYVQF92X66A498G
,265.81k Euro,Fedele,Turrini,107,13/03/1916,Roma,England,DJFHNC97D71I941D
ingegnere,397.97k Euro,Giustino,Gagliardi,78,13/07/1945,,Italia,PPL6XA89M96CEWEG
medico,199.26k Euro,Fredo,Ligorio,50,05/12/1973,Milano,Italia,XLHRDI73V94O868J
avvocato,367.61k Euro,Carolina,Cusano,43,04/05/1980,Napoli,Italia,9M5EK4T2POQZ2ITK
,475.91k Euro,Etta,Dellucci,108,08/01/1915,Napoli,Italia,FEBNTV99K73X028A
medico,386.2k Euro,Paoletta,Leonardi,77,10/06/1946,Milano,Francia,JMXHOZ14Y93A504L
avvocato,214.67k Euro,Ilaria,Canevascini,110,22/05/1913,Napoli,Italia,BO94S8OBIVORE0RQ
,205.72k Euro,Eugenia,Monti,41,21/07/1982,Milano,Francia,TNRLWR82X86C914F
,79.79k Euro,Costanzo,Sorrentino,26,23/01/1997,Milano,Francia,JANZEJ57Z19C743X
avvocato,75.23k Euro,Angelo,Bellini,102,09/08/1921,Napoli,England,ZEGRBY66B05T625K
medico,117.05k Euro,Virgilio,Bonino,N/A,29/02/1980,Milano,Francia,LVDTCT44W94J560B
,401.2k Euro,Arnaldo,Guglielmi,120,07/11/1903,Napoli,Italia,BIXNTI11M06N362D
,412.73k Euro,Amanda,Fioravanti,75,06/06/1948,Roma,Italia,SJMMCL76M45Y970W
ingegnere,68.0k Euro,Alessio,Storladi,N/A,29/02/1980,Napoli,England,TUAAYJ40O09E915S
ingegnere,254.64k Euro,Virgilio,Cafarchia,82,26/06/1941,Roma,Italia,EXLOQC04N83D451L
,415.1k Euro,Arturo,Quasimodo,78,27/06/1945,Milano,Italia,LLILVH34O89W913I
,322.16k Euro,Annalisa,Mazzocchi,75,08/02/1948,Milano,Italia,GXIUZS88L83W780E
,265.9k Euro,Iolanda,Polani,83,20/12/1939,,Italia,NVCBFJ60D35A408F
medico,151.23k Euro,Camillo,Santorio,43,24/05/1980,Roma,Francia,BZUJYR87L35I553O
,442.27k Euro,Giacomo,Morandini,44,12/06/1979,Napoli,Italia,DEEK07HYOW0XRB5P
ingegnere,456.06k Euro,Leone,Ferraris,50,15/11/1973,Roma,Francia,AU761ACM174P4LTJ
medico,317.84k Euro,Vittoria,Santorio,117,05/06/1906,Milano,Italia,X0ITM5ZN6S3A55FI
avvocato,297.66k Euro,Ciro,Curiel,82,12/04/1941,,Italia,093SR59ZCTKBDHT0
ingegnere,85.7k Euro,Martino,Sorrentino,92,30/03/1931,,Italia,XYCLTO28X76K521W
ingegnere,489.31k Euro,Giorgia,Chigi,55,01/09/1968,Napoli,Italia,RLSKUG58Y48B940C
ingegnere,60.16k Euro,Giovanni,Caironi,37,30/08/1986,Napoli,England,VWWVAH37U18I542H
ingegnere,72.96k Euro,Cirillo,Barzini,78,02/06/1945,Milano,England,PJFUNA11J64H756Q
avvocato,345.75k Euro,Monica,Cundari,26,30/11/1997,Napoli,Francia,PMNTTH51T57O560D
,470.57k Euro,Adelasia,Cappelli,N/A,29/02/1980,,Italia,ITFHIJ47A10Q461G
avvocato,476.95k Euro,Bruno,Petrassi,61,12/04/1962,Napoli,England,HDLJZT72O20Y121E
avvocato,37.58k Euro,Fabrizio,Pontecorvo,90,19/11/1933,,Francia,VGEHZM62Y37W234L
ingegnere,48.99k Euro,Carla,Acerbi,97,27/01/1926,Milano,England,UNFYJU02Q94T284T
avvocato,494.49k Euro,Filippo,Pezzali,105,13/09/1918,,Italia,LG4T8PZ1CGMJHCJB
,182.06k Euro,Livio,Boaga,52,04/02/1971,,Italia,HRRXJC46A19C744C
medico,485.38k Euro,Ferdinando,Soffici,86,31/07/1937,Milano,Francia,MY6I1IFPKMA5RDFS
medico,330.61k Euro,Maura,Bixio,59,09/01/1964,,Italia,JVKNBC10J63F381J
avvocato,330.61k Euro,Ludovico,Garibaldi,54,24/09/1969,Roma,Italia,NZAZPB11G33R473L
ingegnere,76.23k Euro,Giuseppina,Guinizzelli,116,19/04/1907,Milano,Italia,ELCIQD72B97R620S
avvocato,370.96k Euro,Carla,Pascarella,44,25/06/1979,,Francia,OFTKNV22C82T781U
ingegnere,481.62k Euro,Elmo,Ariosto,43,12/08/1980,,Francia,MVQAMP94N51L439Q
ingegnere,116.92k Euro,Valerio,Sinisi,41,25/12/1981,,Italia,BBLTBG23P19D031S
medico,72.24k Euro,Serena,Bazzi,34,21/09/1989,Roma,Italia,PPMTNM49G79H600P
ingegnere,475.23k Euro,Sonia,Barracco,51,24/12/1971,Milano,Italia,QTSQQI59V00N019G
avvocato,164.05k Euro,Luchino,Sbarbaro,48,24/07/1975,Roma,Francia,KQISYW43Z00Q284T
medico,217.37k Euro,Olga,Venturi,102,26/11/1921,Milano,Italia,C7NAO4GFL9L4BPTT
avvocato,101.47k Euro,Baldassare,Gadda,63,10/06/1960,Milano,Francia,YXWQWB43K75S563E
,339.83k Euro,Simone,Puglisi,69,25/09/1954,Napoli,Francia,UOONVU73T34E522Y
,30.15k Euro,Letizia,Faugno,111,08/05/1912,Napoli,Italia,UNQOEI09K27C947L
medico,448.2k Euro,Alfredo,Barcaccia,68,17/08/1955,Roma,Italia,VXJBHQ47E37U091H
ingegnere,325.17k Euro,Elisa,Ramazzotti,27,16/03/1996,Napoli,Italia,P4NGMKCI6B4RPXRI
avvocato,176.3k Euro,Antonio,Boldù,32,03/05/1991,Milano,Italia,MAUJLA74Y72Q716X
medico,272.19k Euro,Giulio,Ruberto,48,19/04/1975,Milano,Francia,ILKNNQ22X46Z034O
avvocato,113.79k Euro,Laura,Prada,59,15/12/1963,Milano,Italia,NISGIJ87P19T056J
,235.3k Euro,Nino,Cainero,50,22/12/1972,Napoli,Italia,PYPKLG94M84O899R
,158.75k Euro,Napoleone,Praga,53,29/03/1970,,Italia,ETWOXW80J01Y645Z
,345.17k Euro,Giancarlo,Boitani,36,21/10/1987,,England,0IGP0UPVX22QB5B1
medico,464.6k Euro,Mariano,Grimani,61,12/08/1962,Roma,Italia,LSLRUJ43J71H805R
avvocato,323.8k Euro,Coriolano,Nitto,41,06/12/1982,Roma,Francia,SXMTWD53U06L716G
avvocato,174.65k Euro,Manuel,Cignaroli,117,13/03/1906,Milano,Italia,XPKXSR38O64W119X
ingegnere,148.04k Euro,Serafina,Ginesio,121,25/02/1902,Roma,England,CZZHIW12P96V221C
medico,424.26k Euro,Rolando,Zaguri,72,08/12/1950,Napoli,England,WJCJRB24S81Y333U
medico,497.51k Euro,Giuliana,Rienzo,38,01/11/1985,,Italia,GLUJEW95T14U483U
,270.72k Euro,Giovanna,Malacarne,106,03/10/1917,Roma,Francia,EYILZW73J29K139Y
medico,232.2k Euro,Roman,Praga,95,25/08/1928,Napoli,Francia,OOJQTD08V98R799I
medico,216.02k Euro,Melania,Prati,63,01/07/1960,Milano,England,XCXTXG69I73T283Q
,438.93k Euro,Antonio,Oscuro,39,25/05/1984,,Italia,KJGGIX91D44T767T
avvocato,121.26k Euro,Antonia,Fischetti,94,17/05/1929,Napoli,Italia,NACTZD88B92W450S
,144.09k Euro,Cipriano,Stein,67,20/05/1956,Napoli,Italia,XNVTBJ21M90Y948W
ingegnere,297.09k Euro,Irma,Silvestri,54,14/07/1969,,Francia,XVHHUJ41O98Y213Z
avvocato,247.5k Euro,Angelina,Maggioli,N/A,29/02/1980,,Francia,TNAVPV35I13X413W
ingegnere,179.29k Euro,Donatella,Brunelleschi,N/A,29/02/1980,Milano,Italia,GNZVDC91M95U307F
medico,369.99k Euro,Daria,Olivetti,93,09/10/1930,Napoli,Italia,XORAFZ21W59X670D
ingegnere,165.22k Euro,Luca,Ammaniti,90,18/11/1933,Napoli,Francia,RLCIGU97S77G020L
ingegnere,123.63k Euro,Agostino,Torlonia,105,08/12/1917,Milano,Italia,X01DM0VLS21SFNM5
medico,370.87k Euro,Michele,Traversa,95,08/02/1928,,Italia,ZXHGNO08X53X906A
medico,118.16k Euro,Gianmarco,Dandolo,120,14/10/1903,,Italia,YCAKIU81I58Z216D
ingegnere,41.81k Euro,Isabella,Majorana,54,09/05/1969,Roma,Italia,AIZFLO15V97Q232V
avvocato,159.93k Euro,Ranieri,Petrucci,29,15/12/1993,,Italia,XTZNPL30F00Y483H
medico,296.82k Euro,Piersanti,Schiaparelli,53,01/01/1970,,England,TAUPRY79H86R295F
,104.45k Euro,Orazio,Segni,71,04/03/1952,Milano,Italia,ARGOEC89S34C646Q
avvocato,167.52k Euro,Gianluca,Biagiotti,N/A,29/02/1980,,Francia,XYUGJW89D94S196B
ingegnere,142.11k Euro,Franco,Stefanelli,69,14/06/1954,Roma,Francia,JCVNKY76F42C958I
,300.28k Euro,Stefani,Nolcini,86,04/10/1937,Napoli,Italia,MYMZHH64Y08A538Y
ingegnere,377.4k Euro,Alphons,Amaldi,37,20/08/1986,Roma,Italia,VWBYWT66C59N216B
avvocato,119.77k Euro,Laura,Leonetti,58,04/09/1965,,Italia,XNGJGJ07Z87Q025S
avvocato,455.31k Euro,Micheletto,Costalonga,N/A,29/02/1980,Napoli,Italia,DMHNZS58B54W549D
medico,355.52k Euro,Gustavo,Lupo,78,21/01/1945,,Italia,IMNDJQ48Z37Z876J
avvocato,285.85k Euro,Gemma,Schiavone,57,09/12/1965,,Francia,FHNHDT59E99G689C
,150.23k Euro,Matteo,Fallaci,90,04/01/1933,Napoli,Italia,YQDFYH90W86I298I
ingegnere,146.28k Euro,Beatrice,Salandra,74,29/12/1948,Roma,Italia,KZBYSG69G90Y136E
,136.36k Euro,Tonia,Garzoni,N/A,29/02/1980,,Italia,UWRCOE35U19C264F
medico,315.03k Euro,Temistocle,Fioravanti,89,06/12/1934,Roma,Francia,MOUDGZ69W56Z450P
ingegnere,466.72k Euro,Priscilla,Contarini,N/A,29/02/1980,,Francia,QTIDKH51R32A428M
avvocato,434.18k Euro,Germana,Bergoglio,34,01/01/1989,,England,HMFDIJ31Q29W023M
ingegnere,454.15k Euro,Romana,Campano,N/A,29/02/1980,Roma,Francia,DRJRLT05A74X960D
ingegnere,291.48k Euro,Temistocle,Farnese,122,11/06/1901,Milano,Italia,EGKGJJ66H09N127O
,355.97k Euro,Pasqual,Tamborini,77,01/10/1946,Milano,Italia,XRWOVG22M84X450S
medico,284.65k Euro,Gemma,Carriera,71,28/06/1952,Roma,Francia,XIOPPM47M71F522K
,75.03k Euro,Flora,Parri,118,30/10/1905,,Italia,YARAIP31Z79G146U
,249.97k Euro,Pasquale,Alfieri,98,12/08/1925,Milano,Italia,CHH51CXLX25UALHR
avvocato,172.08k Euro,Tonino,Cimarosa,N/A,29/02/1980,Roma,Italia,IUCNWI30F59M536U
ingegnere,74.7k Euro,Stefani,Emo,60,10/06/1963,Milano,Italia,WYZDQQ86U09P927D
ingegnere,320.59k Euro,Manuel,Ferraris,32,12/03/1991,Milano,England,80V6C9YOAXWJIQ4R
avvocato,457.83k Euro,Silvestro,Camicione,62,27/03/1961,,Francia,NFQXJG46S17K131J
ingegnere,363.52k Euro,Simonetta,Ferrucci,23,05/05/2000,Milano,Italia,EGJQRB63M83S863G
,60.83k Euro,Baldassare,Sansoni,56,18/04/1967,Napoli,Francia,NSLTHM32X16D262D
ingegnere,236.66k Euro,Ricciotti,Pincherle,27,19/10/1996,Roma,Italia,PYBJHW77L52I169S
medico,120.48k Euro,Donatella,Garobbio,35,04/03/1988,,Italia,TZLXNX74E16A423R
avvocato,276.51k Euro,Raffaella,Medici,80,16/09/1943,Roma,Italia,LXOQAI99E09G574C
ingegnere,466.31k Euro,Luciano,Micheletti,97,06/12/1926,,Italia,UPBJTA23W93N652I
